OBJECTID,id,Date,Positive_Pct,Postive_Pct_14dayAvg,Threshold_5PCT,Status,Red_Status,Orange_Status,Yellow_Status,Green_Status,Total,Negative,Positive,Date_Str,Positive_Pct_Str,Postive_Pct_14dayAvg_Str,Threshold_5PCT_Str,Date_Updated,today
1,1,2020/05/01 05:00:00+00,8.3,9.4,5,-1,-1,1,-1,-1,4648,4262,386,2020/05/01,8.3,9.4,5,2022/04/27,2022/04/27
2,2,2020/05/02 05:00:00+00,7.74,9.3,5,-1,-1,-1,1,-1,2867,2645,222,2020/05/02,7.74,9.3,5,2022/04/27,2022/04/27
3,3,2020/05/03 05:00:00+00,12.31,9.4,5,-1,1,-1,-1,-1,1543,1353,190,2020/05/03,12.31,9.4,5,2022/04/27,2022/04/27
4,4,2020/05/04 05:00:00+00,8.43,9.1,5,-1,-1,1,-1,-1,4866,4456,410,2020/05/04,8.43,9.1,5,2022/04/27,2022/04/27
5,5,2020/05/05 05:00:00+00,8.66,9,5,-1,-1,1,-1,-1,4702,4295,407,2020/05/05,8.66,9,5,2022/04/27,2022/04/27
6,6,2020/05/06 05:00:00+00,8.74,8.8,5,-1,-1,1,-1,-1,4554,4156,398,2020/05/06,8.74,8.8,5,2022/04/27,2022/04/27
7,7,2020/05/07 05:00:00+00,8.47,8.7,5,-1,-1,1,-1,-1,4404,4031,373,2020/05/07,8.47,8.7,5,2022/04/27,2022/04/27
8,8,2020/05/08 05:00:00+00,7.83,8.4,5,-1,-1,-1,1,-1,4892,4509,383,2020/05/08,7.83,8.4,5,2022/04/27,2022/04/27
9,9,2020/05/09 05:00:00+00,7.28,8.4,5,-1,-1,-1,1,-1,2664,2470,194,2020/05/09,7.28,8.4,5,2022/04/27,2022/04/27
10,10,2020/05/10 05:00:00+00,9.26,8.4,5,-1,-1,1,-1,-1,994,902,92,2020/05/10,9.26,8.4,5,2022/04/27,2022/04/27
11,11,2020/05/11 05:00:00+00,11.12,8.7,5,-1,1,-1,-1,-1,5136,4565,571,2020/05/11,11.12,8.7,5,2022/04/27,2022/04/27
12,12,2020/05/12 05:00:00+00,7.88,8.6,5,-1,-1,-1,1,-1,5052,4654,398,2020/05/12,7.88,8.6,5,2022/04/27,2022/04/27
13,13,2020/05/13 05:00:00+00,7.14,8.5,5,-1,-1,-1,1,-1,5267,4891,376,2020/05/13,7.14,8.5,5,2022/04/27,2022/04/27
14,14,2020/05/14 05:00:00+00,10.85,8.8,5,-1,1,-1,-1,-1,5483,4888,595,2020/05/14,10.85,8.8,5,2022/04/27,2022/04/27
15,15,2020/05/15 05:00:00+00,8.43,8.8,5,-1,-1,1,-1,-1,5019,4596,423,2020/05/15,8.43,8.8,5,2022/04/27,2022/04/27
16,16,2020/05/16 05:00:00+00,9.45,8.8,5,-1,-1,1,-1,-1,1851,1676,175,2020/05/16,9.45,8.8,5,2022/04/27,2022/04/27
17,17,2020/05/17 05:00:00+00,9.85,8.8,5,-1,-1,1,-1,-1,2458,2216,242,2020/05/17,9.85,8.8,5,2022/04/27,2022/04/27
18,18,2020/05/18 05:00:00+00,10.6,9,5,-1,1,-1,-1,-1,6484,5797,687,2020/05/18,10.6,9,5,2022/04/27,2022/04/27
19,19,2020/05/19 05:00:00+00,7.75,8.9,5,-1,-1,-1,1,-1,7789,7185,604,2020/05/19,7.75,8.9,5,2022/04/27,2022/04/27
20,20,2020/05/20 05:00:00+00,7.28,8.7,5,-1,-1,-1,1,-1,7679,7120,559,2020/05/20,7.28,8.7,5,2022/04/27,2022/04/27
21,21,2020/05/21 05:00:00+00,7.48,8.6,5,-1,-1,-1,1,-1,6375,5898,477,2020/05/21,7.48,8.6,5,2022/04/27,2022/04/27
22,22,2020/05/22 05:00:00+00,7.94,8.6,5,-1,-1,-1,1,-1,7520,6923,597,2020/05/22,7.94,8.6,5,2022/04/27,2022/04/27
23,23,2020/05/23 05:00:00+00,8.2,8.6,5,-1,-1,1,-1,-1,3635,3337,298,2020/05/23,8.2,8.6,5,2022/04/27,2022/04/27
24,24,2020/05/24 05:00:00+00,10.03,8.6,5,-1,1,-1,-1,-1,1875,1687,188,2020/05/24,10.03,8.6,5,2022/04/27,2022/04/27
25,25,2020/05/25 05:00:00+00,9.2,8.5,5,-1,-1,1,-1,-1,1717,1559,158,2020/05/25,9.2,8.5,5,2022/04/27,2022/04/27
26,26,2020/05/26 05:00:00+00,12.09,8.9,5,-1,1,-1,-1,-1,7112,6252,860,2020/05/26,12.09,8.9,5,2022/04/27,2022/04/27
27,27,2020/05/27 05:00:00+00,11.45,9.2,5,-1,1,-1,-1,-1,5746,5088,658,2020/05/27,11.45,9.2,5,2022/04/27,2022/04/27
28,28,2020/05/28 05:00:00+00,11.15,9.3,5,-1,1,-1,-1,-1,5846,5194,652,2020/05/28,11.15,9.3,5,2022/04/27,2022/04/27
29,29,2020/05/29 05:00:00+00,9.71,9.4,5,-1,-1,1,-1,-1,8056,7274,782,2020/05/29,9.71,9.4,5,2022/04/27,2022/04/27
30,30,2020/05/30 05:00:00+00,11.37,9.5,5,-1,1,-1,-1,-1,4063,3601,462,2020/05/30,11.37,9.5,5,2022/04/27,2022/04/27
31,31,2020/05/31 05:00:00+00,12.89,9.5,5,-1,1,-1,-1,-1,1621,1412,209,2020/05/31,12.89,9.5,5,2022/04/27,2022/04/27
32,32,2020/06/01 05:00:00+00,15.5,10.1,5,-1,1,-1,-1,-1,8327,7036,1291,2020/06/01,15.5,10.1,5,2022/04/27,2022/04/27
33,33,2020/06/02 05:00:00+00,13.99,10.7,5,-1,1,-1,-1,-1,8077,6947,1130,2020/06/02,13.99,10.7,5,2022/04/27,2022/04/27
34,34,2020/06/03 05:00:00+00,12.23,11.2,5,-1,1,-1,-1,-1,6247,5483,764,2020/06/03,12.23,11.2,5,2022/04/27,2022/04/27
35,35,2020/06/04 05:00:00+00,13.48,11.7,5,-1,1,-1,-1,-1,6919,5986,933,2020/06/04,13.48,11.7,5,2022/04/27,2022/04/27
36,36,2020/06/05 05:00:00+00,13.49,12.2,5,-1,1,-1,-1,-1,7339,6349,990,2020/06/05,13.49,12.2,5,2022/04/27,2022/04/27
37,37,2020/06/06 05:00:00+00,15.75,12.6,5,-1,1,-1,-1,-1,4629,3900,729,2020/06/06,15.75,12.6,5,2022/04/27,2022/04/27
38,38,2020/06/07 05:00:00+00,21.56,12.9,5,-1,1,-1,-1,-1,1781,1397,384,2020/06/07,21.56,12.9,5,2022/04/27,2022/04/27
39,39,2020/06/08 05:00:00+00,17.86,13.4,5,-1,1,-1,-1,-1,7009,5757,1252,2020/06/08,17.86,13.4,5,2022/04/27,2022/04/27
40,40,2020/06/09 05:00:00+00,18.15,13.9,5,-1,1,-1,-1,-1,7289,5966,1323,2020/06/09,18.15,13.9,5,2022/04/27,2022/04/27
41,41,2020/06/10 05:00:00+00,20.24,14.7,5,-1,1,-1,-1,-1,8210,6548,1662,2020/06/10,20.24,14.7,5,2022/04/27,2022/04/27
42,42,2020/06/11 05:00:00+00,19.83,15.5,5,-1,1,-1,-1,-1,10171,8154,2017,2020/06/11,19.83,15.5,5,2022/04/27,2022/04/27
43,43,2020/06/12 05:00:00+00,17.57,16.3,5,-1,1,-1,-1,-1,10787,8892,1895,2020/06/12,17.57,16.3,5,2022/04/27,2022/04/27
44,44,2020/06/13 05:00:00+00,20.11,16.7,5,-1,1,-1,-1,-1,6518,5207,1311,2020/06/13,20.11,16.7,5,2022/04/27,2022/04/27
45,45,2020/06/14 05:00:00+00,23.43,17,5,-1,1,-1,-1,-1,2143,1641,502,2020/06/14,23.43,17,5,2022/04/27,2022/04/27
46,46,2020/06/15 05:00:00+00,21.4,17.6,5,-1,1,-1,-1,-1,11307,8887,2420,2020/06/15,21.4,17.6,5,2022/04/27,2022/04/27
47,47,2020/06/16 05:00:00+00,22.84,18.4,5,-1,1,-1,-1,-1,10117,7806,2311,2020/06/16,22.84,18.4,5,2022/04/27,2022/04/27
48,48,2020/06/17 05:00:00+00,22.96,19.3,5,-1,1,-1,-1,-1,12747,9820,2927,2020/06/17,22.96,19.3,5,2022/04/27,2022/04/27
49,49,2020/06/18 05:00:00+00,24.51,20.2,5,-1,1,-1,-1,-1,12255,9251,3004,2020/06/18,24.51,20.2,5,2022/04/27,2022/04/27
50,50,2020/06/19 05:00:00+00,22.33,20.9,5,-1,1,-1,-1,-1,13402,10409,2993,2020/06/19,22.33,20.9,5,2022/04/27,2022/04/27
51,51,2020/06/20 05:00:00+00,23.44,21.3,5,-1,1,-1,-1,-1,7914,6059,1855,2020/06/20,23.44,21.3,5,2022/04/27,2022/04/27
52,52,2020/06/21 05:00:00+00,27.98,21.5,5,-1,1,-1,-1,-1,3871,2788,1083,2020/06/21,27.98,21.5,5,2022/04/27,2022/04/27
53,53,2020/06/22 05:00:00+00,22.45,21.7,5,-1,1,-1,-1,-1,9538,7397,2141,2020/06/22,22.45,21.7,5,2022/04/27,2022/04/27
54,54,2020/06/23 05:00:00+00,26.32,22.4,5,-1,1,-1,-1,-1,14722,10847,3875,2020/06/23,26.32,22.4,5,2022/04/27,2022/04/27
55,55,2020/06/24 05:00:00+00,25.39,22.9,5,-1,1,-1,-1,-1,16125,12031,4094,2020/06/24,25.39,22.9,5,2022/04/27,2022/04/27
56,56,2020/06/25 05:00:00+00,24.67,23.3,5,-1,1,-1,-1,-1,15700,11827,3873,2020/06/25,24.67,23.3,5,2022/04/27,2022/04/27
57,57,2020/06/26 05:00:00+00,24.55,23.8,5,-1,1,-1,-1,-1,17542,13236,4306,2020/06/26,24.55,23.8,5,2022/04/27,2022/04/27
58,58,2020/06/27 05:00:00+00,26.32,24.2,5,-1,1,-1,-1,-1,11026,8124,2902,2020/06/27,26.32,24.2,5,2022/04/27,2022/04/27
59,59,2020/06/28 05:00:00+00,29.72,24.4,5,-1,1,-1,-1,-1,5408,3801,1607,2020/06/28,29.72,24.4,5,2022/04/27,2022/04/27
60,60,2020/06/29 05:00:00+00,24.71,24.6,5,-1,1,-1,-1,-1,18408,13859,4549,2020/06/29,24.71,24.6,5,2022/04/27,2022/04/27
61,61,2020/06/30 05:00:00+00,25.43,24.8,5,-1,1,-1,-1,-1,19000,14169,4831,2020/06/30,25.43,24.8,5,2022/04/27,2022/04/27
62,62,2020/07/01 05:00:00+00,25.35,25,5,-1,1,-1,-1,-1,18022,13453,4569,2020/07/01,25.35,25,5,2022/04/27,2022/04/27
63,63,2020/07/02 05:00:00+00,23.6,24.9,5,-1,1,-1,-1,-1,18120,13844,4276,2020/07/02,23.6,24.9,5,2022/04/27,2022/04/27
64,64,2020/07/03 05:00:00+00,26.02,25.1,5,-1,1,-1,-1,-1,13575,10043,3532,2020/07/03,26.02,25.1,5,2022/04/27,2022/04/27
65,65,2020/07/04 05:00:00+00,31.93,25.4,5,-1,1,-1,-1,-1,4121,2805,1316,2020/07/04,31.93,25.4,5,2022/04/27,2022/04/27
66,66,2020/07/05 05:00:00+00,29.86,25.4,5,-1,1,-1,-1,-1,5402,3789,1613,2020/07/05,29.86,25.4,5,2022/04/27,2022/04/27
67,67,2020/07/06 05:00:00+00,25.09,25.5,5,-1,1,-1,-1,-1,17249,12922,4327,2020/07/06,25.09,25.5,5,2022/04/27,2022/04/27
68,68,2020/07/07 05:00:00+00,22.71,25.2,5,-1,1,-1,-1,-1,18475,14280,4195,2020/07/07,22.71,25.2,5,2022/04/27,2022/04/27
69,69,2020/07/08 05:00:00+00,22.22,25,5,-1,1,-1,-1,-1,16997,13221,3776,2020/07/08,22.22,25,5,2022/04/27,2022/04/27
70,70,2020/07/09 05:00:00+00,22.13,24.7,5,-1,1,-1,-1,-1,16798,13081,3717,2020/07/09,22.13,24.7,5,2022/04/27,2022/04/27
71,71,2020/07/10 05:00:00+00,22.26,24.6,5,-1,1,-1,-1,-1,16014,12449,3565,2020/07/10,22.26,24.6,5,2022/04/27,2022/04/27
72,72,2020/07/11 05:00:00+00,23.55,24.4,5,-1,1,-1,-1,-1,9365,7160,2205,2020/07/11,23.55,24.4,5,2022/04/27,2022/04/27
73,73,2020/07/12 05:00:00+00,25.42,24.3,5,-1,1,-1,-1,-1,4080,3043,1037,2020/07/12,25.42,24.3,5,2022/04/27,2022/04/27
74,74,2020/07/13 05:00:00+00,22.89,24.1,5,-1,1,-1,-1,-1,17652,13612,4040,2020/07/13,22.89,24.1,5,2022/04/27,2022/04/27
75,75,2020/07/14 05:00:00+00,21.54,23.8,5,-1,1,-1,-1,-1,18024,14142,3882,2020/07/14,21.54,23.8,5,2022/04/27,2022/04/27
76,76,2020/07/15 05:00:00+00,22.75,23.5,5,-1,1,-1,-1,-1,16435,12696,3739,2020/07/15,22.75,23.5,5,2022/04/27,2022/04/27
77,77,2020/07/16 05:00:00+00,23.46,23.5,5,-1,1,-1,-1,-1,14895,11400,3495,2020/07/16,23.46,23.5,5,2022/04/27,2022/04/27
78,78,2020/07/17 05:00:00+00,22.21,23.2,5,-1,1,-1,-1,-1,14733,11461,3272,2020/07/17,22.21,23.2,5,2022/04/27,2022/04/27
79,79,2020/07/18 05:00:00+00,22.66,23,5,-1,1,-1,-1,-1,8035,6214,1821,2020/07/18,22.66,23,5,2022/04/27,2022/04/27
80,80,2020/07/19 05:00:00+00,23.88,22.8,5,-1,1,-1,-1,-1,3652,2780,872,2020/07/19,23.88,22.8,5,2022/04/27,2022/04/27
81,81,2020/07/20 05:00:00+00,21.92,22.6,5,-1,1,-1,-1,-1,14710,11485,3225,2020/07/20,21.92,22.6,5,2022/04/27,2022/04/27
82,82,2020/07/21 05:00:00+00,19.69,22.3,5,-1,1,-1,-1,-1,13480,10826,2654,2020/07/21,19.69,22.3,5,2022/04/27,2022/04/27
83,83,2020/07/22 05:00:00+00,18.81,22.1,5,-1,1,-1,-1,-1,12876,10454,2422,2020/07/22,18.81,22.1,5,2022/04/27,2022/04/27
84,84,2020/07/23 05:00:00+00,19.69,21.9,5,-1,1,-1,-1,-1,13862,11132,2730,2020/07/23,19.69,21.9,5,2022/04/27,2022/04/27
85,85,2020/07/24 05:00:00+00,20.37,21.8,5,-1,1,-1,-1,-1,13221,10528,2693,2020/07/24,20.37,21.8,5,2022/04/27,2022/04/27
86,86,2020/07/25 05:00:00+00,17.98,21.6,5,-1,1,-1,-1,-1,4265,3498,767,2020/07/25,17.98,21.6,5,2022/04/27,2022/04/27
87,87,2020/07/26 05:00:00+00,22.16,21.5,5,-1,1,-1,-1,-1,3542,2757,785,2020/07/26,22.16,21.5,5,2022/04/27,2022/04/27
88,88,2020/07/27 05:00:00+00,18.59,21.1,5,-1,1,-1,-1,-1,11943,9723,2220,2020/07/27,18.59,21.1,5,2022/04/27,2022/04/27
89,89,2020/07/28 05:00:00+00,18.61,20.9,5,-1,1,-1,-1,-1,12665,10308,2357,2020/07/28,18.61,20.9,5,2022/04/27,2022/04/27
90,90,2020/07/29 05:00:00+00,17.86,20.4,5,-1,1,-1,-1,-1,12130,9964,2166,2020/07/29,17.86,20.4,5,2022/04/27,2022/04/27
91,91,2020/07/30 05:00:00+00,18.93,20,5,-1,1,-1,-1,-1,11120,9015,2105,2020/07/30,18.93,20,5,2022/04/27,2022/04/27
92,92,2020/07/31 05:00:00+00,18.35,19.7,5,-1,1,-1,-1,-1,10722,8754,1968,2020/07/31,18.35,19.7,5,2022/04/27,2022/04/27
93,93,2020/08/01 05:00:00+00,13.92,19.3,5,-1,1,-1,-1,-1,6033,5193,840,2020/08/01,13.92,19.3,5,2022/04/27,2022/04/27
94,94,2020/08/02 05:00:00+00,14.66,19.1,5,-1,1,-1,-1,-1,2968,2533,435,2020/08/02,14.66,19.1,5,2022/04/27,2022/04/27
95,95,2020/08/03 05:00:00+00,17.01,18.6,5,-1,1,-1,-1,-1,12877,10686,2191,2020/08/03,17.01,18.6,5,2022/04/27,2022/04/27
96,96,2020/08/04 05:00:00+00,16.87,18.3,5,-1,1,-1,-1,-1,11019,9160,1859,2020/08/04,16.87,18.3,5,2022/04/27,2022/04/27
97,97,2020/08/05 05:00:00+00,16.39,18.2,5,-1,1,-1,-1,-1,8919,7457,1462,2020/08/05,16.39,18.2,5,2022/04/27,2022/04/27
98,98,2020/08/06 05:00:00+00,15.04,17.8,5,-1,1,-1,-1,-1,9668,8214,1454,2020/08/06,15.04,17.8,5,2022/04/27,2022/04/27
99,99,2020/08/07 05:00:00+00,14.32,17.2,5,-1,1,-1,-1,-1,9597,8223,1374,2020/08/07,14.32,17.2,5,2022/04/27,2022/04/27
100,100,2020/08/08 05:00:00+00,15.24,17.1,5,-1,1,-1,-1,-1,5912,5011,901,2020/08/08,15.24,17.1,5,2022/04/27,2022/04/27
101,101,2020/08/09 05:00:00+00,12.64,16.9,5,-1,1,-1,-1,-1,3355,2931,424,2020/08/09,12.64,16.9,5,2022/04/27,2022/04/27
102,102,2020/08/10 05:00:00+00,13.08,16.4,5,-1,1,-1,-1,-1,11420,9926,1494,2020/08/10,13.08,16.4,5,2022/04/27,2022/04/27
103,103,2020/08/11 05:00:00+00,12.57,15.8,5,-1,1,-1,-1,-1,12509,10936,1573,2020/08/11,12.57,15.8,5,2022/04/27,2022/04/27
104,104,2020/08/12 05:00:00+00,11.61,15.3,5,-1,1,-1,-1,-1,9710,8583,1127,2020/08/12,11.61,15.3,5,2022/04/27,2022/04/27
105,105,2020/08/13 05:00:00+00,12.75,14.8,5,-1,1,-1,-1,-1,8917,7780,1137,2020/08/13,12.75,14.8,5,2022/04/27,2022/04/27
106,106,2020/08/14 05:00:00+00,12.24,14.2,5,-1,1,-1,-1,-1,9735,8543,1192,2020/08/14,12.24,14.2,5,2022/04/27,2022/04/27
107,107,2020/08/15 05:00:00+00,12.13,14.2,5,-1,1,-1,-1,-1,5120,4499,621,2020/08/15,12.13,14.2,5,2022/04/27,2022/04/27
108,108,2020/08/16 05:00:00+00,9.28,14,5,-1,-1,1,-1,-1,3468,3146,322,2020/08/16,9.28,14,5,2022/04/27,2022/04/27
109,109,2020/08/17 05:00:00+00,11.67,13.5,5,-1,1,-1,-1,-1,11004,9720,1284,2020/08/17,11.67,13.5,5,2022/04/27,2022/04/27
110,110,2020/08/18 05:00:00+00,10.6,12.9,5,-1,1,-1,-1,-1,11288,10092,1196,2020/08/18,10.6,12.9,5,2022/04/27,2022/04/27
111,111,2020/08/19 05:00:00+00,10.92,12.5,5,-1,1,-1,-1,-1,10987,9787,1200,2020/08/19,10.92,12.5,5,2022/04/27,2022/04/27
112,112,2020/08/20 05:00:00+00,9.95,12,5,-1,-1,1,-1,-1,10900,9815,1085,2020/08/20,9.95,12,5,2022/04/27,2022/04/27
113,113,2020/08/21 05:00:00+00,10.15,11.7,5,-1,1,-1,-1,-1,9511,8546,965,2020/08/21,10.15,11.7,5,2022/04/27,2022/04/27
114,114,2020/08/22 05:00:00+00,13.37,11.6,5,-1,1,-1,-1,-1,4100,3552,548,2020/08/22,13.37,11.6,5,2022/04/27,2022/04/27
115,115,2020/08/23 05:00:00+00,11.68,11.6,5,-1,1,-1,-1,-1,2286,2019,267,2020/08/23,11.68,11.6,5,2022/04/27,2022/04/27
116,116,2020/08/24 05:00:00+00,14.11,11.6,5,-1,1,-1,-1,-1,9839,8451,1388,2020/08/24,14.11,11.6,5,2022/04/27,2022/04/27
117,117,2020/08/25 05:00:00+00,10.54,11.5,5,-1,1,-1,-1,-1,9969,8918,1051,2020/08/25,10.54,11.5,5,2022/04/27,2022/04/27
118,118,2020/08/26 05:00:00+00,6.45,11.1,5,-1,-1,-1,1,-1,6652,6223,429,2020/08/26,6.45,11.1,5,2022/04/27,2022/04/27
119,119,2020/08/27 05:00:00+00,9.19,11,5,-1,-1,1,-1,-1,3688,3349,339,2020/08/27,9.19,11,5,2022/04/27,2022/04/27
120,120,2020/08/28 05:00:00+00,9.57,10.7,5,-1,-1,1,-1,-1,9591,8673,918,2020/08/28,9.57,10.7,5,2022/04/27,2022/04/27
121,121,2020/08/29 05:00:00+00,10.41,10.6,5,-1,1,-1,-1,-1,4756,4261,495,2020/08/29,10.41,10.6,5,2022/04/27,2022/04/27
122,122,2020/08/30 05:00:00+00,9.85,10.7,5,-1,-1,1,-1,-1,2691,2426,265,2020/08/30,9.85,10.7,5,2022/04/27,2022/04/27
123,123,2020/08/31 05:00:00+00,9.87,10.5,5,-1,-1,1,-1,-1,10331,9311,1020,2020/08/31,9.87,10.5,5,2022/04/27,2022/04/27
124,124,2020/09/01 05:00:00+00,8.13,10.2,5,-1,-1,1,-1,-1,10152,9327,825,2020/09/01,8.13,10.2,5,2022/04/27,2022/04/27
125,125,2020/09/02 05:00:00+00,7.26,9.9,5,-1,-1,-1,1,-1,9051,8394,657,2020/09/02,7.26,9.9,5,2022/04/27,2022/04/27
126,126,2020/09/03 05:00:00+00,6.64,9.6,5,-1,-1,-1,1,-1,10036,9370,666,2020/09/03,6.64,9.6,5,2022/04/27,2022/04/27
127,127,2020/09/04 05:00:00+00,7.31,9.3,5,-1,-1,-1,1,-1,10029,9296,733,2020/09/04,7.31,9.3,5,2022/04/27,2022/04/27
128,128,2020/09/05 05:00:00+00,9.59,9.2,5,-1,-1,1,-1,-1,4360,3942,418,2020/09/05,9.59,9.2,5,2022/04/27,2022/04/27
129,129,2020/09/06 05:00:00+00,10.53,9.1,5,-1,1,-1,-1,-1,2555,2286,269,2020/09/06,10.53,9.1,5,2022/04/27,2022/04/27
130,130,2020/09/07 05:00:00+00,7.85,8.6,5,-1,-1,-1,1,-1,2689,2478,211,2020/09/07,7.85,8.6,5,2022/04/27,2022/04/27
131,131,2020/09/08 05:00:00+00,7.8,8.3,5,-1,-1,-1,1,-1,9021,8317,704,2020/09/08,7.8,8.3,5,2022/04/27,2022/04/27
132,132,2020/09/09 05:00:00+00,6.23,8.3,5,-1,-1,-1,1,-1,8261,7746,515,2020/09/09,6.23,8.3,5,2022/04/27,2022/04/27
133,133,2020/09/10 05:00:00+00,6.82,8.1,5,-1,-1,-1,1,-1,7745,7217,528,2020/09/10,6.82,8.1,5,2022/04/27,2022/04/27
134,134,2020/09/11 05:00:00+00,6.48,7.8,5,-1,-1,-1,1,-1,8818,8247,571,2020/09/11,6.48,7.8,5,2022/04/27,2022/04/27
135,135,2020/09/12 05:00:00+00,8.15,7.7,5,-1,-1,1,-1,-1,4125,3789,336,2020/09/12,8.15,7.7,5,2022/04/27,2022/04/27
136,136,2020/09/13 05:00:00+00,8.32,7.7,5,-1,-1,1,-1,-1,2560,2347,213,2020/09/13,8.32,7.7,5,2022/04/27,2022/04/27
137,137,2020/09/14 05:00:00+00,7.23,7.4,5,-1,-1,-1,1,-1,8249,7653,596,2020/09/14,7.23,7.4,5,2022/04/27,2022/04/27
138,138,2020/09/15 05:00:00+00,6.91,7.3,5,-1,-1,-1,1,-1,9233,8595,638,2020/09/15,6.91,7.3,5,2022/04/27,2022/04/27
139,139,2020/09/16 05:00:00+00,5.18,7.1,5,-1,-1,-1,1,-1,8848,8390,458,2020/09/16,5.18,7.1,5,2022/04/27,2022/04/27
140,140,2020/09/17 05:00:00+00,5.7,7,5,-1,-1,-1,1,-1,10882,10262,620,2020/09/17,5.7,7,5,2022/04/27,2022/04/27
141,141,2020/09/18 05:00:00+00,6.2,6.9,5,-1,-1,-1,1,-1,10418,9772,646,2020/09/18,6.2,6.9,5,2022/04/27,2022/04/27
142,142,2020/09/19 05:00:00+00,7.91,6.8,5,-1,-1,-1,1,-1,4971,4578,393,2020/09/19,7.91,6.8,5,2022/04/27,2022/04/27
143,143,2020/09/20 05:00:00+00,7.13,6.7,5,-1,-1,-1,1,-1,2889,2683,206,2020/09/20,7.13,6.7,5,2022/04/27,2022/04/27
144,144,2020/09/21 05:00:00+00,5.01,6.5,5,-1,-1,-1,1,-1,8876,8431,445,2020/09/21,5.01,6.5,5,2022/04/27,2022/04/27
145,145,2020/09/22 05:00:00+00,4.72,6.3,5,-1,-1,-1,-1,1,6371,6070,301,2020/09/22,4.72,6.3,5,2022/04/27,2022/04/27
146,146,2020/09/23 05:00:00+00,5.43,6.2,5,-1,-1,-1,1,-1,10548,9975,573,2020/09/23,5.43,6.2,5,2022/04/27,2022/04/27
147,147,2020/09/24 05:00:00+00,5.27,6.1,5,-1,-1,-1,1,-1,11556,10947,609,2020/09/24,5.27,6.1,5,2022/04/27,2022/04/27
148,148,2020/09/25 05:00:00+00,6.29,6.1,5,-1,-1,-1,1,-1,10500,9840,660,2020/09/25,6.29,6.1,5,2022/04/27,2022/04/27
149,149,2020/09/26 05:00:00+00,7.93,6.1,5,-1,-1,-1,1,-1,5018,4620,398,2020/09/26,7.93,6.1,5,2022/04/27,2022/04/27
150,150,2020/09/27 05:00:00+00,8.83,6.1,5,-1,-1,1,-1,-1,3068,2797,271,2020/09/27,8.83,6.1,5,2022/04/27,2022/04/27
151,151,2020/09/28 05:00:00+00,6.61,6.1,5,-1,-1,-1,1,-1,10841,10124,717,2020/09/28,6.61,6.1,5,2022/04/27,2022/04/27
152,152,2020/09/29 05:00:00+00,4.89,5.9,5,-1,-1,-1,-1,1,10568,10051,517,2020/09/29,4.89,5.9,5,2022/04/27,2022/04/27
153,153,2020/09/30 05:00:00+00,4.64,5.8,5,-1,-1,-1,-1,1,10620,10127,493,2020/09/30,4.64,5.8,5,2022/04/27,2022/04/27
154,154,2020/10/01 05:00:00+00,4.63,5.7,5,-1,-1,-1,-1,1,11032,10521,511,2020/10/01,4.63,5.7,5,2022/04/27,2022/04/27
155,155,2020/10/02 05:00:00+00,4.93,5.6,5,-1,-1,-1,-1,1,12240,11636,604,2020/10/02,4.93,5.6,5,2022/04/27,2022/04/27
156,156,2020/10/03 05:00:00+00,8.03,5.6,5,-1,-1,1,-1,-1,5917,5442,475,2020/10/03,8.03,5.6,5,2022/04/27,2022/04/27
157,157,2020/10/04 05:00:00+00,8.1,5.7,5,-1,-1,1,-1,-1,3789,3482,307,2020/10/04,8.1,5.7,5,2022/04/27,2022/04/27
158,158,2020/10/05 05:00:00+00,5.72,5.7,5,-1,-1,-1,1,-1,13654,12873,781,2020/10/05,5.72,5.7,5,2022/04/27,2022/04/27
159,159,2020/10/06 05:00:00+00,4.67,5.7,5,-1,-1,-1,-1,1,13889,13241,648,2020/10/06,4.67,5.7,5,2022/04/27,2022/04/27
160,160,2020/10/07 05:00:00+00,5.65,5.7,5,-1,-1,-1,1,-1,13424,12665,759,2020/10/07,5.65,5.7,5,2022/04/27,2022/04/27
161,161,2020/10/08 05:00:00+00,5.35,5.7,5,-1,-1,-1,1,-1,13151,12447,704,2020/10/08,5.35,5.7,5,2022/04/27,2022/04/27
162,162,2020/10/09 05:00:00+00,6.21,5.7,5,-1,-1,-1,1,-1,12099,11348,751,2020/10/09,6.21,5.7,5,2022/04/27,2022/04/27
163,163,2020/10/10 05:00:00+00,8.56,5.8,5,-1,-1,1,-1,-1,6704,6130,574,2020/10/10,8.56,5.8,5,2022/04/27,2022/04/27
164,164,2020/10/11 05:00:00+00,9.84,5.8,5,-1,-1,1,-1,-1,3830,3453,377,2020/10/11,9.84,5.8,5,2022/04/27,2022/04/27
165,165,2020/10/12 05:00:00+00,6.9,5.8,5,-1,-1,-1,1,-1,13368,12446,922,2020/10/12,6.9,5.8,5,2022/04/27,2022/04/27
166,166,2020/10/13 05:00:00+00,6.08,5.9,5,-1,-1,-1,1,-1,13627,12798,829,2020/10/13,6.08,5.9,5,2022/04/27,2022/04/27
167,167,2020/10/14 05:00:00+00,6.86,6.1,5,-1,-1,-1,1,-1,12470,11615,855,2020/10/14,6.86,6.1,5,2022/04/27,2022/04/27
168,168,2020/10/15 05:00:00+00,6.1,6.2,5,-1,-1,-1,1,-1,13737,12899,838,2020/10/15,6.1,6.2,5,2022/04/27,2022/04/27
169,169,2020/10/16 05:00:00+00,6.72,6.4,5,-1,-1,-1,1,-1,13169,12284,885,2020/10/16,6.72,6.4,5,2022/04/27,2022/04/27
170,170,2020/10/17 05:00:00+00,9.71,6.4,5,-1,-1,1,-1,-1,7033,6350,683,2020/10/17,9.71,6.4,5,2022/04/27,2022/04/27
171,171,2020/10/18 05:00:00+00,10.02,6.5,5,-1,1,-1,-1,-1,5088,4578,510,2020/10/18,10.02,6.5,5,2022/04/27,2022/04/27
172,172,2020/10/19 05:00:00+00,7.59,6.7,5,-1,-1,-1,1,-1,14787,13665,1122,2020/10/19,7.59,6.7,5,2022/04/27,2022/04/27
173,173,2020/10/20 05:00:00+00,6.55,6.9,5,-1,-1,-1,1,-1,15760,14728,1032,2020/10/20,6.55,6.9,5,2022/04/27,2022/04/27
174,174,2020/10/21 05:00:00+00,7.39,7,5,-1,-1,-1,1,-1,14732,13643,1089,2020/10/21,7.39,7,5,2022/04/27,2022/04/27
175,175,2020/10/22 05:00:00+00,6.87,7.1,5,-1,-1,-1,1,-1,14929,13903,1026,2020/10/22,6.87,7.1,5,2022/04/27,2022/04/27
176,176,2020/10/23 05:00:00+00,7.3,7.2,5,-1,-1,-1,1,-1,13628,12633,995,2020/10/23,7.3,7.2,5,2022/04/27,2022/04/27
177,177,2020/10/24 05:00:00+00,8.61,7.2,5,-1,-1,1,-1,-1,7222,6600,622,2020/10/24,8.61,7.2,5,2022/04/27,2022/04/27
178,178,2020/10/25 05:00:00+00,11.77,7.3,5,-1,1,-1,-1,-1,4717,4162,555,2020/10/25,11.77,7.3,5,2022/04/27,2022/04/27
179,179,2020/10/26 05:00:00+00,7.41,7.3,5,-1,-1,-1,1,-1,15169,14045,1124,2020/10/26,7.41,7.3,5,2022/04/27,2022/04/27
180,180,2020/10/27 05:00:00+00,7.13,7.4,5,-1,-1,-1,1,-1,15783,14657,1126,2020/10/27,7.13,7.4,5,2022/04/27,2022/04/27
181,181,2020/10/28 05:00:00+00,7.05,7.4,5,-1,-1,-1,1,-1,14165,13167,998,2020/10/28,7.05,7.4,5,2022/04/27,2022/04/27
182,182,2020/10/29 05:00:00+00,7.11,7.5,5,-1,-1,-1,1,-1,14444,13417,1027,2020/10/29,7.11,7.5,5,2022/04/27,2022/04/27
183,183,2020/10/30 05:00:00+00,7.65,7.6,5,-1,-1,-1,1,-1,14086,13009,1077,2020/10/30,7.65,7.6,5,2022/04/27,2022/04/27
184,184,2020/10/31 05:00:00+00,9.66,7.6,5,-1,-1,1,-1,-1,7214,6517,697,2020/10/31,9.66,7.6,5,2022/04/27,2022/04/27
185,185,2020/11/01 05:00:00+00,10.32,7.6,5,-1,1,-1,-1,-1,4575,4103,472,2020/11/01,10.32,7.6,5,2022/04/27,2022/04/27
186,186,2020/11/02 05:00:00+00,8.51,7.7,5,-1,-1,1,-1,-1,16575,15164,1411,2020/11/02,8.51,7.7,5,2022/04/27,2022/04/27
187,187,2020/11/03 05:00:00+00,7.42,7.7,5,-1,-1,-1,1,-1,15576,14420,1156,2020/11/03,7.42,7.7,5,2022/04/27,2022/04/27
188,188,2020/11/04 05:00:00+00,8.28,7.8,5,-1,-1,1,-1,-1,16792,15401,1391,2020/11/04,8.28,7.8,5,2022/04/27,2022/04/27
189,189,2020/11/05 05:00:00+00,8.9,8,5,-1,-1,1,-1,-1,16885,15382,1503,2020/11/05,8.9,8,5,2022/04/27,2022/04/27
190,190,2020/11/06 05:00:00+00,9.01,8.1,5,-1,-1,1,-1,-1,15478,14083,1395,2020/11/06,9.01,8.1,5,2022/04/27,2022/04/27
191,191,2020/11/07 05:00:00+00,12,8.3,5,-1,1,-1,-1,-1,9149,8051,1098,2020/11/07,12,8.3,5,2022/04/27,2022/04/27
192,192,2020/11/08 05:00:00+00,13.32,8.4,5,-1,1,-1,-1,-1,5136,4452,684,2020/11/08,13.32,8.4,5,2022/04/27,2022/04/27
193,193,2020/11/09 05:00:00+00,9.46,8.6,5,-1,-1,1,-1,-1,19146,17334,1812,2020/11/09,9.46,8.6,5,2022/04/27,2022/04/27
194,194,2020/11/10 05:00:00+00,7.97,8.6,5,-1,-1,-1,1,-1,19020,17505,1515,2020/11/10,7.97,8.6,5,2022/04/27,2022/04/27
195,195,2020/11/11 05:00:00+00,9.28,8.8,5,-1,-1,1,-1,-1,17633,15997,1636,2020/11/11,9.28,8.8,5,2022/04/27,2022/04/27
196,196,2020/11/12 05:00:00+00,8.77,8.9,5,-1,-1,1,-1,-1,18492,16870,1622,2020/11/12,8.77,8.9,5,2022/04/27,2022/04/27
197,197,2020/11/13 05:00:00+00,8.96,9,5,-1,-1,1,-1,-1,19454,17711,1743,2020/11/13,8.96,9,5,2022/04/27,2022/04/27
198,198,2020/11/14 05:00:00+00,12.75,9.2,5,-1,1,-1,-1,-1,11552,10079,1473,2020/11/14,12.75,9.2,5,2022/04/27,2022/04/27
199,199,2020/11/15 05:00:00+00,13.04,9.3,5,-1,1,-1,-1,-1,7183,6246,937,2020/11/15,13.04,9.3,5,2022/04/27,2022/04/27
200,200,2020/11/16 05:00:00+00,10.13,9.5,5,-1,1,-1,-1,-1,21495,19318,2177,2020/11/16,10.13,9.5,5,2022/04/27,2022/04/27
201,201,2020/11/17 05:00:00+00,8.35,9.5,5,-1,-1,1,-1,-1,22686,20791,1895,2020/11/17,8.35,9.5,5,2022/04/27,2022/04/27
202,202,2020/11/18 05:00:00+00,8.02,9.4,5,-1,-1,1,-1,-1,24489,22525,1964,2020/11/18,8.02,9.4,5,2022/04/27,2022/04/27
203,203,2020/11/19 05:00:00+00,8.56,9.4,5,-1,-1,1,-1,-1,24609,22503,2106,2020/11/19,8.56,9.4,5,2022/04/27,2022/04/27
204,204,2020/11/20 05:00:00+00,8.04,9.3,5,-1,-1,1,-1,-1,24968,22960,2008,2020/11/20,8.04,9.3,5,2022/04/27,2022/04/27
205,205,2020/11/21 05:00:00+00,8.53,9.1,5,-1,-1,1,-1,-1,17249,15777,1472,2020/11/21,8.53,9.1,5,2022/04/27,2022/04/27
206,206,2020/11/22 05:00:00+00,9,9,5,-1,-1,1,-1,-1,10599,9645,954,2020/11/22,9,9,5,2022/04/27,2022/04/27
207,207,2020/11/23 05:00:00+00,8.35,8.9,5,-1,-1,1,-1,-1,27285,25006,2279,2020/11/23,8.35,8.9,5,2022/04/27,2022/04/27
208,208,2020/11/24 05:00:00+00,8.07,8.9,5,-1,-1,1,-1,-1,25666,23595,2071,2020/11/24,8.07,8.9,5,2022/04/27,2022/04/27
209,209,2020/11/25 05:00:00+00,9.71,8.9,5,-1,-1,1,-1,-1,21514,19424,2090,2020/11/25,9.71,8.9,5,2022/04/27,2022/04/27
210,210,2020/11/26 05:00:00+00,12.04,9,5,-1,1,-1,-1,-1,1927,1695,232,2020/11/26,12.04,9,5,2022/04/27,2022/04/27
211,211,2020/11/27 05:00:00+00,12.14,9.1,5,-1,1,-1,-1,-1,11462,10070,1392,2020/11/27,12.14,9.1,5,2022/04/27,2022/04/27
212,212,2020/11/28 05:00:00+00,15.1,9.2,5,-1,1,-1,-1,-1,10014,8502,1512,2020/11/28,15.1,9.2,5,2022/04/27,2022/04/27
213,213,2020/11/29 05:00:00+00,13.39,9.2,5,-1,1,-1,-1,-1,8795,7617,1178,2020/11/29,13.39,9.2,5,2022/04/27,2022/04/27
214,214,2020/11/30 05:00:00+00,12.15,9.4,5,-1,1,-1,-1,-1,24598,21609,2989,2020/11/30,12.15,9.4,5,2022/04/27,2022/04/27
215,215,2020/12/01 05:00:00+00,10.95,9.7,5,-1,1,-1,-1,-1,22572,20100,2472,2020/12/01,10.95,9.7,5,2022/04/27,2022/04/27
216,216,2020/12/02 05:00:00+00,11.09,9.9,5,-1,1,-1,-1,-1,21640,19241,2399,2020/12/02,11.09,9.9,5,2022/04/27,2022/04/27
217,217,2020/12/03 05:00:00+00,11.36,10.2,5,-1,1,-1,-1,-1,23370,20715,2655,2020/12/03,11.36,10.2,5,2022/04/27,2022/04/27
218,218,2020/12/04 05:00:00+00,11.02,10.5,5,-1,1,-1,-1,-1,22841,20325,2516,2020/12/04,11.02,10.5,5,2022/04/27,2022/04/27
219,219,2020/12/05 05:00:00+00,13.58,10.8,5,-1,1,-1,-1,-1,13853,11972,1881,2020/12/05,13.58,10.8,5,2022/04/27,2022/04/27
220,220,2020/12/06 05:00:00+00,14.69,11,5,-1,1,-1,-1,-1,8241,7030,1211,2020/12/06,14.69,11,5,2022/04/27,2022/04/27
221,221,2020/12/07 05:00:00+00,12.06,11.4,5,-1,1,-1,-1,-1,23682,20826,2856,2020/12/07,12.06,11.4,5,2022/04/27,2022/04/27
222,222,2020/12/08 05:00:00+00,11.01,11.8,5,-1,1,-1,-1,-1,23778,21161,2617,2020/12/08,11.01,11.8,5,2022/04/27,2022/04/27
223,223,2020/12/09 05:00:00+00,11.88,11.9,5,-1,1,-1,-1,-1,23236,20475,2761,2020/12/09,11.88,11.9,5,2022/04/27,2022/04/27
224,224,2020/12/10 05:00:00+00,12.95,12,5,-1,1,-1,-1,-1,22339,19446,2893,2020/12/10,12.95,12,5,2022/04/27,2022/04/27
225,225,2020/12/11 05:00:00+00,12.49,12.1,5,-1,1,-1,-1,-1,22919,20056,2863,2020/12/11,12.49,12.1,5,2022/04/27,2022/04/27
226,226,2020/12/12 05:00:00+00,15.74,12.1,5,-1,1,-1,-1,-1,14177,11945,2232,2020/12/12,15.74,12.1,5,2022/04/27,2022/04/27
227,227,2020/12/13 05:00:00+00,15.58,12.2,5,-1,1,-1,-1,-1,7591,6408,1183,2020/12/13,15.58,12.2,5,2022/04/27,2022/04/27
228,228,2020/12/14 05:00:00+00,14.7,12.4,5,-1,1,-1,-1,-1,23954,20432,3522,2020/12/14,14.7,12.4,5,2022/04/27,2022/04/27
229,229,2020/12/15 05:00:00+00,13.04,12.6,5,-1,1,-1,-1,-1,22811,19836,2975,2020/12/15,13.04,12.6,5,2022/04/27,2022/04/27
230,230,2020/12/16 05:00:00+00,13.05,12.8,5,-1,1,-1,-1,-1,23886,20769,3117,2020/12/16,13.05,12.8,5,2022/04/27,2022/04/27
231,231,2020/12/17 05:00:00+00,13.87,13,5,-1,1,-1,-1,-1,24050,20714,3336,2020/12/17,13.87,13,5,2022/04/27,2022/04/27
232,232,2020/12/18 05:00:00+00,13.28,13.2,5,-1,1,-1,-1,-1,25497,22111,3386,2020/12/18,13.28,13.2,5,2022/04/27,2022/04/27
233,233,2020/12/19 05:00:00+00,14.94,13.2,5,-1,1,-1,-1,-1,14427,12272,2155,2020/12/19,14.94,13.2,5,2022/04/27,2022/04/27
234,234,2020/12/20 05:00:00+00,13.11,13.2,5,-1,1,-1,-1,-1,11412,9916,1496,2020/12/20,13.11,13.2,5,2022/04/27,2022/04/27
235,235,2020/12/21 05:00:00+00,14,13.4,5,-1,1,-1,-1,-1,31204,26836,4368,2020/12/21,14,13.4,5,2022/04/27,2022/04/27
236,236,2020/12/22 05:00:00+00,15.37,13.7,5,-1,1,-1,-1,-1,28374,24013,4361,2020/12/22,15.37,13.7,5,2022/04/27,2022/04/27
237,237,2020/12/23 05:00:00+00,14.26,13.9,5,-1,1,-1,-1,-1,27289,23397,3892,2020/12/23,14.26,13.9,5,2022/04/27,2022/04/27
238,238,2020/12/24 05:00:00+00,16,14.1,5,-1,1,-1,-1,-1,11647,9784,1863,2020/12/24,16,14.1,5,2022/04/27,2022/04/27
239,239,2020/12/25 05:00:00+00,17.45,14.3,5,-1,1,-1,-1,-1,2424,2001,423,2020/12/25,17.45,14.3,5,2022/04/27,2022/04/27
240,240,2020/12/26 05:00:00+00,20.96,14.6,5,-1,1,-1,-1,-1,15682,12395,3287,2020/12/26,20.96,14.6,5,2022/04/27,2022/04/27
241,241,2020/12/27 05:00:00+00,21.47,14.8,5,-1,1,-1,-1,-1,10622,8341,2281,2020/12/27,21.47,14.8,5,2022/04/27,2022/04/27
242,242,2020/12/28 05:00:00+00,20.56,15.4,5,-1,1,-1,-1,-1,30389,24142,6247,2020/12/28,20.56,15.4,5,2022/04/27,2022/04/27
243,243,2020/12/29 05:00:00+00,20.48,16.2,5,-1,1,-1,-1,-1,31466,25022,6444,2020/12/29,20.48,16.2,5,2022/04/27,2022/04/27
244,244,2020/12/30 05:00:00+00,19.12,16.7,5,-1,1,-1,-1,-1,30547,24706,5841,2020/12/30,19.12,16.7,5,2022/04/27,2022/04/27
245,245,2020/12/31 05:00:00+00,19.24,17.1,5,-1,1,-1,-1,-1,18491,14934,3557,2020/12/31,19.24,17.1,5,2022/04/27,2022/04/27
246,246,2021/01/01 05:00:00+00,17.76,17.5,5,-1,1,-1,-1,-1,5224,4296,928,2021/01/01,17.76,17.5,5,2022/04/27,2022/04/27
247,247,2021/01/02 05:00:00+00,22.65,18,5,-1,1,-1,-1,-1,19909,15400,4509,2021/01/02,22.65,18,5,2022/04/27,2022/04/27
248,248,2021/01/03 05:00:00+00,21.88,18.4,5,-1,1,-1,-1,-1,12374,9666,2708,2021/01/03,21.88,18.4,5,2022/04/27,2022/04/27
249,249,2021/01/04 05:00:00+00,19.7,19,5,-1,1,-1,-1,-1,33652,27024,6628,2021/01/04,19.7,19,5,2022/04/27,2022/04/27
250,250,2021/01/05 05:00:00+00,19.6,19.5,5,-1,1,-1,-1,-1,34308,27583,6725,2021/01/05,19.6,19.5,5,2022/04/27,2022/04/27
251,251,2021/01/06 05:00:00+00,19.59,20,5,-1,1,-1,-1,-1,29088,23390,5698,2021/01/06,19.59,20,5,2022/04/27,2022/04/27
252,252,2021/01/07 05:00:00+00,18.38,20,5,-1,1,-1,-1,-1,30257,24695,5562,2021/01/07,18.38,20,5,2022/04/27,2022/04/27
253,253,2021/01/08 05:00:00+00,18.43,19.9,5,-1,1,-1,-1,-1,30525,24898,5627,2021/01/08,18.43,19.9,5,2022/04/27,2022/04/27
254,254,2021/01/09 05:00:00+00,21.19,19.9,5,-1,1,-1,-1,-1,19301,15211,4090,2021/01/09,21.19,19.9,5,2022/04/27,2022/04/27
255,255,2021/01/10 05:00:00+00,20.46,19.8,5,-1,1,-1,-1,-1,8528,6783,1745,2021/01/10,20.46,19.8,5,2022/04/27,2022/04/27
256,256,2021/01/11 05:00:00+00,17.99,19.6,5,-1,1,-1,-1,-1,31423,25769,5654,2021/01/11,17.99,19.6,5,2022/04/27,2022/04/27
257,257,2021/01/12 05:00:00+00,17.69,19.3,5,-1,1,-1,-1,-1,31315,25776,5539,2021/01/12,17.69,19.3,5,2022/04/27,2022/04/27
258,258,2021/01/13 05:00:00+00,17.51,19.2,5,-1,1,-1,-1,-1,30398,25076,5322,2021/01/13,17.51,19.2,5,2022/04/27,2022/04/27
259,259,2021/01/14 05:00:00+00,16.74,19,5,-1,1,-1,-1,-1,30436,25341,5095,2021/01/14,16.74,19,5,2022/04/27,2022/04/27
260,260,2021/01/15 05:00:00+00,17.49,18.9,5,-1,1,-1,-1,-1,28891,23837,5054,2021/01/15,17.49,18.9,5,2022/04/27,2022/04/27
261,261,2021/01/16 05:00:00+00,19.86,18.7,5,-1,1,-1,-1,-1,17637,14134,3503,2021/01/16,19.86,18.7,5,2022/04/27,2022/04/27
262,262,2021/01/17 05:00:00+00,19.52,18.6,5,-1,1,-1,-1,-1,10277,8271,2006,2021/01/17,19.52,18.6,5,2022/04/27,2022/04/27
263,263,2021/01/18 05:00:00+00,16.48,18.4,5,-1,1,-1,-1,-1,23237,19408,3829,2021/01/18,16.48,18.4,5,2022/04/27,2022/04/27
264,264,2021/01/19 05:00:00+00,16.03,18.1,5,-1,1,-1,-1,-1,30685,25767,4918,2021/01/19,16.03,18.1,5,2022/04/27,2022/04/27
265,265,2021/01/20 05:00:00+00,16.81,17.9,5,-1,1,-1,-1,-1,27823,23147,4676,2021/01/20,16.81,17.9,5,2022/04/27,2022/04/27
266,266,2021/01/21 05:00:00+00,16.25,17.7,5,-1,1,-1,-1,-1,29125,24391,4734,2021/01/21,16.25,17.7,5,2022/04/27,2022/04/27
267,267,2021/01/22 05:00:00+00,16.45,17.5,5,-1,1,-1,-1,-1,27151,22684,4467,2021/01/22,16.45,17.5,5,2022/04/27,2022/04/27
268,268,2021/01/23 05:00:00+00,19.57,17.4,5,-1,1,-1,-1,-1,16125,12969,3156,2021/01/23,19.57,17.4,5,2022/04/27,2022/04/27
269,269,2021/01/24 05:00:00+00,21.41,17.4,5,-1,1,-1,-1,-1,9409,7395,2014,2021/01/24,21.41,17.4,5,2022/04/27,2022/04/27
270,270,2021/01/25 05:00:00+00,15.84,17.3,5,-1,1,-1,-1,-1,26967,22696,4271,2021/01/25,15.84,17.3,5,2022/04/27,2022/04/27
271,271,2021/01/26 05:00:00+00,15.43,17.1,5,-1,1,-1,-1,-1,26506,22415,4091,2021/01/26,15.43,17.1,5,2022/04/27,2022/04/27
272,272,2021/01/27 05:00:00+00,15.23,16.9,5,-1,1,-1,-1,-1,23662,20059,3603,2021/01/27,15.23,16.9,5,2022/04/27,2022/04/27
273,273,2021/01/28 05:00:00+00,13.93,16.7,5,-1,1,-1,-1,-1,26298,22634,3664,2021/01/28,13.93,16.7,5,2022/04/27,2022/04/27
274,274,2021/01/29 05:00:00+00,14.68,16.4,5,-1,1,-1,-1,-1,24276,20713,3563,2021/01/29,14.68,16.4,5,2022/04/27,2022/04/27
275,275,2021/01/30 05:00:00+00,18.6,16.3,5,-1,1,-1,-1,-1,12895,10497,2398,2021/01/30,18.6,16.3,5,2022/04/27,2022/04/27
276,276,2021/01/31 05:00:00+00,18.34,16.3,5,-1,1,-1,-1,-1,8126,6636,1490,2021/01/31,18.34,16.3,5,2022/04/27,2022/04/27
277,277,2021/02/01 05:00:00+00,13.18,16,5,-1,1,-1,-1,-1,23861,20716,3145,2021/02/01,13.18,16,5,2022/04/27,2022/04/27
278,278,2021/02/02 05:00:00+00,12.7,15.8,5,-1,1,-1,-1,-1,24265,21184,3081,2021/02/02,12.7,15.8,5,2022/04/27,2022/04/27
279,279,2021/02/03 05:00:00+00,12.98,15.5,5,-1,1,-1,-1,-1,22131,19258,2873,2021/02/03,12.98,15.5,5,2022/04/27,2022/04/27
280,280,2021/02/04 05:00:00+00,11.9,15.1,5,-1,1,-1,-1,-1,24651,21717,2934,2021/02/04,11.9,15.1,5,2022/04/27,2022/04/27
281,281,2021/02/05 05:00:00+00,11.05,14.7,5,-1,1,-1,-1,-1,21079,18750,2329,2021/02/05,11.05,14.7,5,2022/04/27,2022/04/27
282,282,2021/02/06 05:00:00+00,16.15,14.5,5,-1,1,-1,-1,-1,13495,11316,2179,2021/02/06,16.15,14.5,5,2022/04/27,2022/04/27
283,283,2021/02/07 05:00:00+00,14.31,14.2,5,-1,1,-1,-1,-1,8430,7224,1206,2021/02/07,14.31,14.2,5,2022/04/27,2022/04/27
284,284,2021/02/08 05:00:00+00,11.24,13.8,5,-1,1,-1,-1,-1,24708,21932,2776,2021/02/08,11.24,13.8,5,2022/04/27,2022/04/27
285,285,2021/02/09 05:00:00+00,10.36,13.4,5,-1,1,-1,-1,-1,23282,20869,2413,2021/02/09,10.36,13.4,5,2022/04/27,2022/04/27
286,286,2021/02/10 05:00:00+00,11.29,13.1,5,-1,1,-1,-1,-1,21346,18936,2410,2021/02/10,11.29,13.1,5,2022/04/27,2022/04/27
287,287,2021/02/11 05:00:00+00,11.03,12.8,5,-1,1,-1,-1,-1,19156,17043,2113,2021/02/11,11.03,12.8,5,2022/04/27,2022/04/27
288,288,2021/02/12 05:00:00+00,12.13,12.6,5,-1,1,-1,-1,-1,16829,14787,2042,2021/02/12,12.13,12.6,5,2022/04/27,2022/04/27
289,289,2021/02/13 05:00:00+00,16.12,12.4,5,-1,1,-1,-1,-1,8182,6863,1319,2021/02/13,16.12,12.4,5,2022/04/27,2022/04/27
290,290,2021/02/14 05:00:00+00,14.79,12.3,5,-1,1,-1,-1,-1,3503,2985,518,2021/02/14,14.79,12.3,5,2022/04/27,2022/04/27
291,291,2021/02/15 05:00:00+00,11.55,12.2,5,-1,1,-1,-1,-1,1143,1011,132,2021/02/15,11.55,12.2,5,2022/04/27,2022/04/27
292,292,2021/02/16 05:00:00+00,7.75,12.1,5,-1,-1,-1,1,-1,2001,1846,155,2021/02/16,7.75,12.1,5,2022/04/27,2022/04/27
293,293,2021/02/17 05:00:00+00,8.52,11.9,5,-1,-1,1,-1,-1,2617,2394,223,2021/02/17,8.52,11.9,5,2022/04/27,2022/04/27
294,294,2021/02/18 05:00:00+00,12.2,12,5,-1,1,-1,-1,-1,5524,4850,674,2021/02/18,12.2,12,5,2022/04/27,2022/04/27
295,295,2021/02/19 05:00:00+00,15.82,12.3,5,-1,1,-1,-1,-1,10607,8929,1678,2021/02/19,15.82,12.3,5,2022/04/27,2022/04/27
296,296,2021/02/20 05:00:00+00,18.07,12.2,5,-1,1,-1,-1,-1,5081,4163,918,2021/02/20,18.07,12.2,5,2022/04/27,2022/04/27
297,297,2021/02/21 05:00:00+00,17.31,12.3,5,-1,1,-1,-1,-1,5862,4847,1015,2021/02/21,17.31,12.3,5,2022/04/27,2022/04/27
298,298,2021/02/22 05:00:00+00,11.46,12.4,5,-1,1,-1,-1,-1,16631,14725,1906,2021/02/22,11.46,12.4,5,2022/04/27,2022/04/27
299,299,2021/02/23 05:00:00+00,11.28,12.6,5,-1,1,-1,-1,-1,16486,14626,1860,2021/02/23,11.28,12.6,5,2022/04/27,2022/04/27
300,300,2021/02/24 05:00:00+00,10.67,12.6,5,-1,1,-1,-1,-1,14803,13223,1580,2021/02/24,10.67,12.6,5,2022/04/27,2022/04/27
301,301,2021/02/25 05:00:00+00,9.31,12.4,5,-1,-1,1,-1,-1,16524,14985,1539,2021/02/25,9.31,12.4,5,2022/04/27,2022/04/27
302,302,2021/02/26 05:00:00+00,9.25,12,5,-1,-1,1,-1,-1,14652,13297,1355,2021/02/26,9.25,12,5,2022/04/27,2022/04/27
303,303,2021/02/27 05:00:00+00,14.15,11.9,5,-1,1,-1,-1,-1,7307,6273,1034,2021/02/27,14.15,11.9,5,2022/04/27,2022/04/27
304,304,2021/02/28 05:00:00+00,14.37,11.9,5,-1,1,-1,-1,-1,5338,4571,767,2021/02/28,14.37,11.9,5,2022/04/27,2022/04/27
305,305,2021/03/01 05:00:00+00,8.98,11.6,5,-1,-1,1,-1,-1,16345,14877,1468,2021/03/01,8.98,11.6,5,2022/04/27,2022/04/27
306,306,2021/03/02 05:00:00+00,8.51,11.3,5,-1,-1,1,-1,-1,15821,14475,1346,2021/03/02,8.51,11.3,5,2022/04/27,2022/04/27
307,307,2021/03/03 05:00:00+00,8.12,11.1,5,-1,-1,1,-1,-1,15087,13862,1225,2021/03/03,8.12,11.1,5,2022/04/27,2022/04/27
308,308,2021/03/04 05:00:00+00,7.86,10.7,5,-1,-1,-1,1,-1,16779,15460,1319,2021/03/04,7.86,10.7,5,2022/04/27,2022/04/27
309,309,2021/03/05 05:00:00+00,8.76,10.3,5,-1,-1,1,-1,-1,15980,14580,1400,2021/03/05,8.76,10.3,5,2022/04/27,2022/04/27
310,310,2021/03/06 05:00:00+00,12.52,10.1,5,-1,1,-1,-1,-1,7170,6272,898,2021/03/06,12.52,10.1,5,2022/04/27,2022/04/27
311,311,2021/03/07 05:00:00+00,13.12,10,5,-1,1,-1,-1,-1,5670,4926,744,2021/03/07,13.12,10,5,2022/04/27,2022/04/27
312,312,2021/03/08 05:00:00+00,7.73,9.6,5,-1,-1,-1,1,-1,17801,16425,1376,2021/03/08,7.73,9.6,5,2022/04/27,2022/04/27
313,313,2021/03/09 05:00:00+00,7.43,9.3,5,-1,-1,-1,1,-1,16767,15522,1245,2021/03/09,7.43,9.3,5,2022/04/27,2022/04/27
314,314,2021/03/10 05:00:00+00,8.03,9.1,5,-1,-1,1,-1,-1,16232,14928,1304,2021/03/10,8.03,9.1,5,2022/04/27,2022/04/27
315,315,2021/03/11 05:00:00+00,6.92,8.9,5,-1,-1,-1,1,-1,16846,15681,1165,2021/03/11,6.92,8.9,5,2022/04/27,2022/04/27
316,316,2021/03/12 05:00:00+00,8.58,8.8,5,-1,-1,1,-1,-1,14352,13121,1231,2021/03/12,8.58,8.8,5,2022/04/27,2022/04/27
317,317,2021/03/13 05:00:00+00,12.77,8.7,5,-1,1,-1,-1,-1,6737,5877,860,2021/03/13,12.77,8.7,5,2022/04/27,2022/04/27
318,318,2021/03/14 05:00:00+00,11.99,8.7,5,-1,1,-1,-1,-1,4752,4182,570,2021/03/14,11.99,8.7,5,2022/04/27,2022/04/27
319,319,2021/03/15 05:00:00+00,7.71,8.6,5,-1,-1,-1,1,-1,15901,14675,1226,2021/03/15,7.71,8.6,5,2022/04/27,2022/04/27
320,320,2021/03/16 05:00:00+00,7.79,8.5,5,-1,-1,-1,1,-1,13204,12176,1028,2021/03/16,7.79,8.5,5,2022/04/27,2022/04/27
321,321,2021/03/17 05:00:00+00,7.98,8.5,5,-1,-1,-1,1,-1,12574,11570,1004,2021/03/17,7.98,8.5,5,2022/04/27,2022/04/27
322,322,2021/03/18 05:00:00+00,7.84,8.5,5,-1,-1,-1,1,-1,13057,12033,1024,2021/03/18,7.84,8.5,5,2022/04/27,2022/04/27
323,323,2021/03/19 05:00:00+00,7.71,8.4,5,-1,-1,-1,1,-1,12732,11750,982,2021/03/19,7.71,8.4,5,2022/04/27,2022/04/27
324,324,2021/03/20 05:00:00+00,12.5,8.4,5,-1,1,-1,-1,-1,6098,5336,762,2021/03/20,12.5,8.4,5,2022/04/27,2022/04/27
325,325,2021/03/21 05:00:00+00,10.98,8.3,5,-1,1,-1,-1,-1,5583,4970,613,2021/03/21,10.98,8.3,5,2022/04/27,2022/04/27
326,326,2021/03/22 05:00:00+00,6.91,8.3,5,-1,-1,-1,1,-1,17235,16044,1191,2021/03/22,6.91,8.3,5,2022/04/27,2022/04/27
327,327,2021/03/23 05:00:00+00,7.49,8.3,5,-1,-1,-1,1,-1,14864,13750,1114,2021/03/23,7.49,8.3,5,2022/04/27,2022/04/27
328,328,2021/03/24 05:00:00+00,8.23,8.3,5,-1,-1,1,-1,-1,12926,11862,1064,2021/03/24,8.23,8.3,5,2022/04/27,2022/04/27
329,329,2021/03/25 05:00:00+00,8.41,8.4,5,-1,-1,1,-1,-1,14186,12993,1193,2021/03/25,8.41,8.4,5,2022/04/27,2022/04/27
330,330,2021/03/26 05:00:00+00,8.46,8.4,5,-1,-1,1,-1,-1,11242,10291,951,2021/03/26,8.46,8.4,5,2022/04/27,2022/04/27
331,331,2021/03/27 05:00:00+00,12.61,8.4,5,-1,1,-1,-1,-1,5680,4964,716,2021/03/27,12.61,8.4,5,2022/04/27,2022/04/27
332,332,2021/03/28 05:00:00+00,13.05,8.4,5,-1,1,-1,-1,-1,4789,4164,625,2021/03/28,13.05,8.4,5,2022/04/27,2022/04/27
333,333,2021/03/29 05:00:00+00,8.39,8.5,5,-1,-1,1,-1,-1,13889,12724,1165,2021/03/29,8.39,8.5,5,2022/04/27,2022/04/27
334,334,2021/03/30 05:00:00+00,8.58,8.6,5,-1,-1,1,-1,-1,12968,11855,1113,2021/03/30,8.58,8.6,5,2022/04/27,2022/04/27
335,335,2021/03/31 05:00:00+00,7.74,8.5,5,-1,-1,-1,1,-1,13158,12140,1018,2021/03/31,7.74,8.5,5,2022/04/27,2022/04/27
336,336,2021/04/01 05:00:00+00,8.19,8.6,5,-1,-1,1,-1,-1,13509,12402,1107,2021/04/01,8.19,8.6,5,2022/04/27,2022/04/27
337,337,2021/04/02 05:00:00+00,9.07,8.7,5,-1,-1,1,-1,-1,10323,9387,936,2021/04/02,9.07,8.7,5,2022/04/27,2022/04/27
338,338,2021/04/03 05:00:00+00,12.31,8.7,5,-1,1,-1,-1,-1,5987,5250,737,2021/04/03,12.31,8.7,5,2022/04/27,2022/04/27
339,339,2021/04/04 05:00:00+00,10.94,8.6,5,-1,1,-1,-1,-1,3237,2883,354,2021/04/04,10.94,8.6,5,2022/04/27,2022/04/27
340,340,2021/04/05 05:00:00+00,7.55,8.7,5,-1,-1,-1,1,-1,15994,14786,1208,2021/04/05,7.55,8.7,5,2022/04/27,2022/04/27
341,341,2021/04/06 05:00:00+00,7.04,8.7,5,-1,-1,-1,1,-1,15190,14121,1069,2021/04/06,7.04,8.7,5,2022/04/27,2022/04/27
342,342,2021/04/07 05:00:00+00,7.03,8.5,5,-1,-1,-1,1,-1,15185,14118,1067,2021/04/07,7.03,8.5,5,2022/04/27,2022/04/27
343,343,2021/04/08 05:00:00+00,7.67,8.5,5,-1,-1,-1,1,-1,14254,13161,1093,2021/04/08,7.67,8.5,5,2022/04/27,2022/04/27
344,344,2021/04/09 05:00:00+00,8.34,8.5,5,-1,-1,1,-1,-1,12581,11532,1049,2021/04/09,8.34,8.5,5,2022/04/27,2022/04/27
345,345,2021/04/10 05:00:00+00,13.37,8.5,5,-1,1,-1,-1,-1,6441,5580,861,2021/04/10,13.37,8.5,5,2022/04/27,2022/04/27
346,346,2021/04/11 05:00:00+00,11.95,8.5,5,-1,1,-1,-1,-1,4981,4386,595,2021/04/11,11.95,8.5,5,2022/04/27,2022/04/27
347,347,2021/04/12 05:00:00+00,7.71,8.4,5,-1,-1,-1,1,-1,15766,14551,1215,2021/04/12,7.71,8.4,5,2022/04/27,2022/04/27
348,348,2021/04/13 05:00:00+00,6.92,8.3,5,-1,-1,-1,1,-1,14783,13760,1023,2021/04/13,6.92,8.3,5,2022/04/27,2022/04/27
349,349,2021/04/14 05:00:00+00,7.33,8.2,5,-1,-1,-1,1,-1,13651,12651,1000,2021/04/14,7.33,8.2,5,2022/04/27,2022/04/27
350,350,2021/04/15 05:00:00+00,8.07,8.2,5,-1,-1,1,-1,-1,12538,11526,1012,2021/04/15,8.07,8.2,5,2022/04/27,2022/04/27
351,351,2021/04/16 05:00:00+00,8.51,8.2,5,-1,-1,1,-1,-1,11953,10936,1017,2021/04/16,8.51,8.2,5,2022/04/27,2022/04/27
352,352,2021/04/17 05:00:00+00,11.62,8.1,5,-1,1,-1,-1,-1,5516,4875,641,2021/04/17,11.62,8.1,5,2022/04/27,2022/04/27
353,353,2021/04/18 05:00:00+00,10.57,8.2,5,-1,1,-1,-1,-1,5345,4780,565,2021/04/18,10.57,8.2,5,2022/04/27,2022/04/27
354,354,2021/04/19 05:00:00+00,7,8.1,5,-1,-1,-1,1,-1,14795,13759,1036,2021/04/19,7,8.1,5,2022/04/27,2022/04/27
355,355,2021/04/20 05:00:00+00,6.9,8.1,5,-1,-1,-1,1,-1,13546,12611,935,2021/04/20,6.9,8.1,5,2022/04/27,2022/04/27
356,356,2021/04/21 05:00:00+00,7.37,8.2,5,-1,-1,-1,1,-1,13702,12692,1010,2021/04/21,7.37,8.2,5,2022/04/27,2022/04/27
357,357,2021/04/22 05:00:00+00,7.53,8.2,5,-1,-1,-1,1,-1,12378,11446,932,2021/04/22,7.53,8.2,5,2022/04/27,2022/04/27
358,358,2021/04/23 05:00:00+00,7.72,8.1,5,-1,-1,-1,1,-1,11671,10770,901,2021/04/23,7.72,8.1,5,2022/04/27,2022/04/27
359,359,2021/04/24 05:00:00+00,11.29,8,5,-1,1,-1,-1,-1,5935,5265,670,2021/04/24,11.29,8,5,2022/04/27,2022/04/27
360,360,2021/04/25 05:00:00+00,10.62,8,5,-1,1,-1,-1,-1,4435,3964,471,2021/04/25,10.62,8,5,2022/04/27,2022/04/27
361,361,2021/04/26 05:00:00+00,6.74,7.9,5,-1,-1,-1,1,-1,14316,13351,965,2021/04/26,6.74,7.9,5,2022/04/27,2022/04/27
362,362,2021/04/27 05:00:00+00,6.5,7.9,5,-1,-1,-1,1,-1,13362,12494,868,2021/04/27,6.5,7.9,5,2022/04/27,2022/04/27
363,363,2021/04/28 05:00:00+00,6.89,7.8,5,-1,-1,-1,1,-1,12272,11427,845,2021/04/28,6.89,7.8,5,2022/04/27,2022/04/27
364,364,2021/04/29 05:00:00+00,6.69,7.7,5,-1,-1,-1,1,-1,11523,10752,771,2021/04/29,6.69,7.7,5,2022/04/27,2022/04/27
365,365,2021/04/30 05:00:00+00,7.72,7.6,5,-1,-1,-1,1,-1,9296,8578,718,2021/04/30,7.72,7.6,5,2022/04/27,2022/04/27
366,366,2021/05/01 05:00:00+00,9.06,7.6,5,-1,-1,1,-1,-1,5454,4960,494,2021/05/01,9.06,7.6,5,2022/04/27,2022/04/27
367,367,2021/05/02 05:00:00+00,9.41,7.5,5,-1,-1,1,-1,-1,4706,4263,443,2021/05/02,9.41,7.5,5,2022/04/27,2022/04/27
368,368,2021/05/03 05:00:00+00,5.59,7.4,5,-1,-1,-1,1,-1,11866,11203,663,2021/05/03,5.59,7.4,5,2022/04/27,2022/04/27
369,369,2021/05/04 05:00:00+00,5.89,7.3,5,-1,-1,-1,1,-1,11519,10840,679,2021/05/04,5.89,7.3,5,2022/04/27,2022/04/27
370,370,2021/05/05 05:00:00+00,5.88,7.2,5,-1,-1,-1,1,-1,9793,9217,576,2021/05/05,5.88,7.2,5,2022/04/27,2022/04/27
371,371,2021/05/06 05:00:00+00,6.66,7.1,5,-1,-1,-1,1,-1,9127,8519,608,2021/05/06,6.66,7.1,5,2022/04/27,2022/04/27
372,372,2021/05/07 05:00:00+00,5.89,7,5,-1,-1,-1,1,-1,8852,8331,521,2021/05/07,5.89,7,5,2022/04/27,2022/04/27
373,373,2021/05/08 05:00:00+00,8.05,6.9,5,-1,-1,1,-1,-1,4670,4294,376,2021/05/08,8.05,6.9,5,2022/04/27,2022/04/27
374,374,2021/05/09 05:00:00+00,7.43,6.7,5,-1,-1,-1,1,-1,3861,3574,287,2021/05/09,7.43,6.7,5,2022/04/27,2022/04/27
375,375,2021/05/10 05:00:00+00,4.89,6.6,5,-1,-1,-1,-1,1,11824,11246,578,2021/05/10,4.89,6.6,5,2022/04/27,2022/04/27
376,376,2021/05/11 05:00:00+00,5.07,6.5,5,-1,-1,-1,1,-1,10052,9542,510,2021/05/11,5.07,6.5,5,2022/04/27,2022/04/27
377,377,2021/05/12 05:00:00+00,4.72,6.3,5,-1,-1,-1,-1,1,9955,9485,470,2021/05/12,4.72,6.3,5,2022/04/27,2022/04/27
378,378,2021/05/13 05:00:00+00,4.76,6.1,5,-1,-1,-1,-1,1,10164,9680,484,2021/05/13,4.76,6.1,5,2022/04/27,2022/04/27
379,379,2021/05/14 05:00:00+00,5.44,5.9,5,-1,-1,-1,1,-1,9220,8718,502,2021/05/14,5.44,5.9,5,2022/04/27,2022/04/27
380,380,2021/05/15 05:00:00+00,6.4,5.8,5,-1,-1,-1,1,-1,5123,4795,328,2021/05/15,6.4,5.8,5,2022/04/27,2022/04/27
381,381,2021/05/16 05:00:00+00,5.42,5.7,5,-1,-1,-1,1,-1,4022,3804,218,2021/05/16,5.42,5.7,5,2022/04/27,2022/04/27
382,382,2021/05/17 05:00:00+00,3.92,5.5,5,-1,-1,-1,-1,1,11259,10818,441,2021/05/17,3.92,5.5,5,2022/04/27,2022/04/27
383,383,2021/05/18 05:00:00+00,4.33,5.4,5,-1,-1,-1,-1,1,9545,9132,413,2021/05/18,4.33,5.4,5,2022/04/27,2022/04/27
384,384,2021/05/19 05:00:00+00,4.13,5.2,5,-1,-1,-1,-1,1,8635,8278,357,2021/05/19,4.13,5.2,5,2022/04/27,2022/04/27
385,385,2021/05/20 05:00:00+00,5.51,5.1,5,-1,-1,-1,1,-1,8657,8180,477,2021/05/20,5.51,5.1,5,2022/04/27,2022/04/27
386,386,2021/05/21 05:00:00+00,4.44,5,5,-1,-1,-1,-1,1,9401,8984,417,2021/05/21,4.44,5,5,2022/04/27,2022/04/27
387,387,2021/05/22 05:00:00+00,5.1,4.9,5,-1,-1,-1,1,-1,5140,4878,262,2021/05/22,5.1,4.9,5,2022/04/27,2022/04/27
388,388,2021/05/23 05:00:00+00,5.93,4.9,5,-1,-1,-1,1,-1,3708,3488,220,2021/05/23,5.93,4.9,5,2022/04/27,2022/04/27
389,389,2021/05/24 05:00:00+00,3.48,4.7,5,-1,-1,-1,-1,1,10272,9915,357,2021/05/24,3.48,4.7,5,2022/04/27,2022/04/27
390,390,2021/05/25 05:00:00+00,4.03,4.6,5,-1,-1,-1,-1,1,9603,9216,387,2021/05/25,4.03,4.6,5,2022/04/27,2022/04/27
391,391,2021/05/26 05:00:00+00,5.05,4.7,5,-1,-1,-1,1,-1,7841,7445,396,2021/05/26,5.05,4.7,5,2022/04/27,2022/04/27
392,392,2021/05/27 05:00:00+00,4.46,4.6,5,-1,-1,-1,-1,1,7712,7368,344,2021/05/27,4.46,4.6,5,2022/04/27,2022/04/27
393,393,2021/05/28 05:00:00+00,3.55,4.5,5,-1,-1,-1,-1,1,9264,8935,329,2021/05/28,3.55,4.5,5,2022/04/27,2022/04/27
394,394,2021/05/29 05:00:00+00,3.67,4.4,5,-1,-1,-1,-1,1,6564,6323,241,2021/05/29,3.67,4.4,5,2022/04/27,2022/04/27
395,395,2021/05/30 05:00:00+00,3.18,4.3,5,-1,-1,-1,-1,1,5695,5514,181,2021/05/30,3.18,4.3,5,2022/04/27,2022/04/27
396,396,2021/05/31 05:00:00+00,3.53,4.3,5,-1,-1,-1,-1,1,3597,3470,127,2021/05/31,3.53,4.3,5,2022/04/27,2022/04/27
397,397,2021/06/01 05:00:00+00,3.6,4.2,5,-1,-1,-1,-1,1,11710,11288,422,2021/06/01,3.6,4.2,5,2022/04/27,2022/04/27
398,398,2021/06/02 05:00:00+00,3.53,4.1,5,-1,-1,-1,-1,1,10194,9834,360,2021/06/02,3.53,4.1,5,2022/04/27,2022/04/27
399,399,2021/06/03 05:00:00+00,3.14,3.9,5,-1,-1,-1,-1,1,9212,8923,289,2021/06/03,3.14,3.9,5,2022/04/27,2022/04/27
400,400,2021/06/04 05:00:00+00,3.89,3.9,5,-1,-1,-1,-1,1,8576,8242,334,2021/06/04,3.89,3.9,5,2022/04/27,2022/04/27
401,401,2021/06/05 05:00:00+00,2.91,3.8,5,-1,-1,-1,-1,1,6691,6496,195,2021/06/05,2.91,3.8,5,2022/04/27,2022/04/27
402,402,2021/06/06 05:00:00+00,4.22,3.7,5,-1,-1,-1,-1,1,4220,4042,178,2021/06/06,4.22,3.7,5,2022/04/27,2022/04/27
403,403,2021/06/07 05:00:00+00,2.21,3.6,5,-1,-1,-1,-1,1,12191,11921,270,2021/06/07,2.21,3.6,5,2022/04/27,2022/04/27
404,404,2021/06/08 05:00:00+00,2.67,3.5,5,-1,-1,-1,-1,1,10723,10437,286,2021/06/08,2.67,3.5,5,2022/04/27,2022/04/27
405,405,2021/06/09 05:00:00+00,3.12,3.3,5,-1,-1,-1,-1,1,8913,8635,278,2021/06/09,3.12,3.3,5,2022/04/27,2022/04/27
406,406,2021/06/10 05:00:00+00,3.68,3.3,5,-1,-1,-1,-1,1,8825,8500,325,2021/06/10,3.68,3.3,5,2022/04/27,2022/04/27
407,407,2021/06/11 05:00:00+00,2.56,3.2,5,-1,-1,-1,-1,1,9556,9311,245,2021/06/11,2.56,3.2,5,2022/04/27,2022/04/27
408,408,2021/06/12 05:00:00+00,4.01,3.2,5,-1,-1,-1,-1,1,5166,4959,207,2021/06/12,4.01,3.2,5,2022/04/27,2022/04/27
409,409,2021/06/13 05:00:00+00,3.37,3.2,5,-1,-1,-1,-1,1,4336,4190,146,2021/06/13,3.37,3.2,5,2022/04/27,2022/04/27
410,410,2021/06/14 05:00:00+00,2.53,3.1,5,-1,-1,-1,-1,1,10853,10578,275,2021/06/14,2.53,3.1,5,2022/04/27,2022/04/27
411,411,2021/06/15 05:00:00+00,2.85,3.1,5,-1,-1,-1,-1,1,9333,9067,266,2021/06/15,2.85,3.1,5,2022/04/27,2022/04/27
412,412,2021/06/16 05:00:00+00,2.78,3,5,-1,-1,-1,-1,1,8762,8518,244,2021/06/16,2.78,3,5,2022/04/27,2022/04/27
413,413,2021/06/17 05:00:00+00,2.56,3,5,-1,-1,-1,-1,1,8972,8742,230,2021/06/17,2.56,3,5,2022/04/27,2022/04/27
414,414,2021/06/18 05:00:00+00,2.82,2.9,5,-1,-1,-1,-1,1,9046,8791,255,2021/06/18,2.82,2.9,5,2022/04/27,2022/04/27
415,415,2021/06/19 05:00:00+00,3.62,2.9,5,-1,-1,-1,-1,1,5030,4848,182,2021/06/19,3.62,2.9,5,2022/04/27,2022/04/27
416,416,2021/06/20 05:00:00+00,4.08,2.9,5,-1,-1,-1,-1,1,4215,4043,172,2021/06/20,4.08,2.9,5,2022/04/27,2022/04/27
417,417,2021/06/21 05:00:00+00,3.37,3,5,-1,-1,-1,-1,1,7934,7667,267,2021/06/21,3.37,3,5,2022/04/27,2022/04/27
418,418,2021/06/22 05:00:00+00,3.01,3.1,5,-1,-1,-1,-1,1,8017,7776,241,2021/06/22,3.01,3.1,5,2022/04/27,2022/04/27
419,419,2021/06/23 05:00:00+00,4.58,3.1,5,-1,-1,-1,-1,1,6490,6193,297,2021/06/23,4.58,3.1,5,2022/04/27,2022/04/27
420,420,2021/06/24 05:00:00+00,4.19,3.2,5,-1,-1,-1,-1,1,6683,6403,280,2021/06/24,4.19,3.2,5,2022/04/27,2022/04/27
421,421,2021/06/25 05:00:00+00,4.31,3.3,5,-1,-1,-1,-1,1,6216,5948,268,2021/06/25,4.31,3.3,5,2022/04/27,2022/04/27
422,422,2021/06/26 05:00:00+00,6.47,3.4,5,-1,-1,-1,1,-1,3602,3369,233,2021/06/26,6.47,3.4,5,2022/04/27,2022/04/27
423,423,2021/06/27 05:00:00+00,5.06,3.4,5,-1,-1,-1,1,-1,3517,3339,178,2021/06/27,5.06,3.4,5,2022/04/27,2022/04/27
424,424,2021/06/28 05:00:00+00,4.5,3.6,5,-1,-1,-1,-1,1,7133,6812,321,2021/06/28,4.5,3.6,5,2022/04/27,2022/04/27
425,425,2021/06/29 05:00:00+00,4.62,3.8,5,-1,-1,-1,-1,1,6424,6127,297,2021/06/29,4.62,3.8,5,2022/04/27,2022/04/27
426,426,2021/06/30 05:00:00+00,5.03,4,5,-1,-1,-1,1,-1,6898,6551,347,2021/06/30,5.03,4,5,2022/04/27,2022/04/27
427,427,2021/07/01 05:00:00+00,5.26,4.2,5,-1,-1,-1,1,-1,6489,6148,341,2021/07/01,5.26,4.2,5,2022/04/27,2022/04/27
428,428,2021/07/02 05:00:00+00,5.24,4.4,5,-1,-1,-1,1,-1,5918,5608,310,2021/07/02,5.24,4.4,5,2022/04/27,2022/04/27
429,429,2021/07/03 05:00:00+00,6.29,4.6,5,-1,-1,-1,1,-1,4073,3817,256,2021/07/03,6.29,4.6,5,2022/04/27,2022/04/27
430,430,2021/07/04 05:00:00+00,5.83,4.6,5,-1,-1,-1,1,-1,1663,1566,97,2021/07/04,5.83,4.6,5,2022/04/27,2022/04/27
431,431,2021/07/05 05:00:00+00,5.92,4.8,5,-1,-1,-1,1,-1,5013,4716,297,2021/07/05,5.92,4.8,5,2022/04/27,2022/04/27
432,432,2021/07/06 05:00:00+00,5.98,5.1,5,-1,-1,-1,1,-1,8467,7961,506,2021/07/06,5.98,5.1,5,2022/04/27,2022/04/27
433,433,2021/07/07 05:00:00+00,6.44,5.3,5,-1,-1,-1,1,-1,7605,7115,490,2021/07/07,6.44,5.3,5,2022/04/27,2022/04/27
434,434,2021/07/08 05:00:00+00,6.53,5.5,5,-1,-1,-1,1,-1,7553,7060,493,2021/07/08,6.53,5.5,5,2022/04/27,2022/04/27
435,435,2021/07/09 05:00:00+00,7.61,5.8,5,-1,-1,-1,1,-1,7335,6777,558,2021/07/09,7.61,5.8,5,2022/04/27,2022/04/27
436,436,2021/07/10 05:00:00+00,10.8,6,5,-1,1,-1,-1,-1,4891,4363,528,2021/07/10,10.8,6,5,2022/04/27,2022/04/27
437,437,2021/07/11 05:00:00+00,11.67,6.4,5,-1,1,-1,-1,-1,4012,3544,468,2021/07/11,11.67,6.4,5,2022/04/27,2022/04/27
438,438,2021/07/12 05:00:00+00,7.55,6.6,5,-1,-1,-1,1,-1,8538,7893,645,2021/07/12,7.55,6.6,5,2022/04/27,2022/04/27
439,439,2021/07/13 05:00:00+00,10.02,7.1,5,-1,1,-1,-1,-1,7958,7161,797,2021/07/13,10.02,7.1,5,2022/04/27,2022/04/27
440,440,2021/07/14 05:00:00+00,11.09,7.6,5,-1,1,-1,-1,-1,8350,7424,926,2021/07/14,11.09,7.6,5,2022/04/27,2022/04/27
441,441,2021/07/15 05:00:00+00,11.79,8.2,5,-1,1,-1,-1,-1,8632,7614,1018,2021/07/15,11.79,8.2,5,2022/04/27,2022/04/27
442,442,2021/07/16 05:00:00+00,12.26,8.8,5,-1,1,-1,-1,-1,8994,7891,1103,2021/07/16,12.26,8.8,5,2022/04/27,2022/04/27
443,443,2021/07/17 05:00:00+00,14.22,9.3,5,-1,1,-1,-1,-1,6307,5410,897,2021/07/17,14.22,9.3,5,2022/04/27,2022/04/27
444,444,2021/07/18 05:00:00+00,16.28,9.7,5,-1,1,-1,-1,-1,5565,4659,906,2021/07/18,16.28,9.7,5,2022/04/27,2022/04/27
445,445,2021/07/19 05:00:00+00,14.1,10.4,5,-1,1,-1,-1,-1,11103,9537,1566,2021/07/19,14.1,10.4,5,2022/04/27,2022/04/27
446,446,2021/07/20 05:00:00+00,14.69,11.1,5,-1,1,-1,-1,-1,11185,9542,1643,2021/07/20,14.69,11.1,5,2022/04/27,2022/04/27
447,447,2021/07/21 05:00:00+00,15.5,11.9,5,-1,1,-1,-1,-1,11962,10108,1854,2021/07/21,15.5,11.9,5,2022/04/27,2022/04/27
448,448,2021/07/22 05:00:00+00,16.1,12.7,5,-1,1,-1,-1,-1,13066,10963,2103,2021/07/22,16.1,12.7,5,2022/04/27,2022/04/27
449,449,2021/07/23 05:00:00+00,16.15,13.4,5,-1,1,-1,-1,-1,13434,11265,2169,2021/07/23,16.15,13.4,5,2022/04/27,2022/04/27
450,450,2021/07/24 05:00:00+00,19.21,13.9,5,-1,1,-1,-1,-1,8465,6839,1626,2021/07/24,19.21,13.9,5,2022/04/27,2022/04/27
451,451,2021/07/25 05:00:00+00,20.32,14.3,5,-1,1,-1,-1,-1,7776,6196,1580,2021/07/25,20.32,14.3,5,2022/04/27,2022/04/27
452,452,2021/07/26 05:00:00+00,17.17,15.1,5,-1,1,-1,-1,-1,16214,13430,2784,2021/07/26,17.17,15.1,5,2022/04/27,2022/04/27
453,453,2021/07/27 05:00:00+00,17.93,15.7,5,-1,1,-1,-1,-1,16966,13924,3042,2021/07/27,17.93,15.7,5,2022/04/27,2022/04/27
454,454,2021/07/28 05:00:00+00,18.27,16.2,5,-1,1,-1,-1,-1,16838,13762,3076,2021/07/28,18.27,16.2,5,2022/04/27,2022/04/27
455,455,2021/07/29 05:00:00+00,18.66,16.7,5,-1,1,-1,-1,-1,17542,14269,3273,2021/07/29,18.66,16.7,5,2022/04/27,2022/04/27
456,456,2021/07/30 05:00:00+00,18.61,17.1,5,-1,1,-1,-1,-1,17558,14290,3268,2021/07/30,18.61,17.1,5,2022/04/27,2022/04/27
457,457,2021/07/31 05:00:00+00,22.75,17.6,5,-1,1,-1,-1,-1,11250,8691,2559,2021/07/31,22.75,17.6,5,2022/04/27,2022/04/27
458,458,2021/08/01 05:00:00+00,22.84,17.9,5,-1,1,-1,-1,-1,9937,7667,2270,2021/08/01,22.84,17.9,5,2022/04/27,2022/04/27
459,459,2021/08/02 05:00:00+00,19.39,18.3,5,-1,1,-1,-1,-1,20665,16658,4007,2021/08/02,19.39,18.3,5,2022/04/27,2022/04/27
460,460,2021/08/03 05:00:00+00,19.81,18.6,5,-1,1,-1,-1,-1,20101,16118,3983,2021/08/03,19.81,18.6,5,2022/04/27,2022/04/27
461,461,2021/08/04 05:00:00+00,19.4,18.9,5,-1,1,-1,-1,-1,20041,16153,3888,2021/08/04,19.4,18.9,5,2022/04/27,2022/04/27
462,462,2021/08/05 05:00:00+00,18.84,19,5,-1,1,-1,-1,-1,20625,16739,3886,2021/08/05,18.84,19,5,2022/04/27,2022/04/27
463,463,2021/08/06 05:00:00+00,19.35,19.2,5,-1,1,-1,-1,-1,20854,16818,4036,2021/08/06,19.35,19.2,5,2022/04/27,2022/04/27
464,464,2021/08/07 05:00:00+00,22.96,19.5,5,-1,1,-1,-1,-1,13221,10185,3036,2021/08/07,22.96,19.5,5,2022/04/27,2022/04/27
465,465,2021/08/08 05:00:00+00,24.19,19.6,5,-1,1,-1,-1,-1,9836,7457,2379,2021/08/08,24.19,19.6,5,2022/04/27,2022/04/27
466,466,2021/08/09 05:00:00+00,19.24,19.8,5,-1,1,-1,-1,-1,23121,18672,4449,2021/08/09,19.24,19.8,5,2022/04/27,2022/04/27
467,467,2021/08/10 05:00:00+00,19.53,19.9,5,-1,1,-1,-1,-1,22076,17764,4312,2021/08/10,19.53,19.9,5,2022/04/27,2022/04/27
468,468,2021/08/11 05:00:00+00,19.68,20,5,-1,1,-1,-1,-1,21448,17228,4220,2021/08/11,19.68,20,5,2022/04/27,2022/04/27
469,469,2021/08/12 05:00:00+00,19.22,20,5,-1,1,-1,-1,-1,22934,18526,4408,2021/08/12,19.22,20,5,2022/04/27,2022/04/27
470,470,2021/08/13 05:00:00+00,19.37,20,5,-1,1,-1,-1,-1,22421,18077,4344,2021/08/13,19.37,20,5,2022/04/27,2022/04/27
471,471,2021/08/14 05:00:00+00,24.73,20.1,5,-1,1,-1,-1,-1,13133,9885,3248,2021/08/14,24.73,20.1,5,2022/04/27,2022/04/27
472,472,2021/08/15 05:00:00+00,24.83,20.2,5,-1,1,-1,-1,-1,9992,7511,2481,2021/08/15,24.83,20.2,5,2022/04/27,2022/04/27
473,473,2021/08/16 05:00:00+00,20.29,20.3,5,-1,1,-1,-1,-1,23515,18743,4772,2021/08/16,20.29,20.3,5,2022/04/27,2022/04/27
474,474,2021/08/17 05:00:00+00,19.07,20.2,5,-1,1,-1,-1,-1,23915,19355,4560,2021/08/17,19.07,20.2,5,2022/04/27,2022/04/27
475,475,2021/08/18 05:00:00+00,18.23,20.1,5,-1,1,-1,-1,-1,23276,19032,4244,2021/08/18,18.23,20.1,5,2022/04/27,2022/04/27
476,476,2021/08/19 05:00:00+00,18.07,20,5,-1,1,-1,-1,-1,25694,21050,4644,2021/08/19,18.07,20,5,2022/04/27,2022/04/27
477,477,2021/08/20 05:00:00+00,17.59,19.8,5,-1,1,-1,-1,-1,25200,20767,4433,2021/08/20,17.59,19.8,5,2022/04/27,2022/04/27
478,478,2021/08/21 05:00:00+00,20.68,19.7,5,-1,1,-1,-1,-1,15360,12184,3176,2021/08/21,20.68,19.7,5,2022/04/27,2022/04/27
479,479,2021/08/22 05:00:00+00,24.03,19.8,5,-1,1,-1,-1,-1,10742,8161,2581,2021/08/22,24.03,19.8,5,2022/04/27,2022/04/27
480,480,2021/08/23 05:00:00+00,17.04,19.5,5,-1,1,-1,-1,-1,27304,22651,4653,2021/08/23,17.04,19.5,5,2022/04/27,2022/04/27
481,481,2021/08/24 05:00:00+00,16.71,19.3,5,-1,1,-1,-1,-1,26198,21821,4377,2021/08/24,16.71,19.3,5,2022/04/27,2022/04/27
482,482,2021/08/25 05:00:00+00,16.54,19,5,-1,1,-1,-1,-1,26655,22246,4409,2021/08/25,16.54,19,5,2022/04/27,2022/04/27
483,483,2021/08/26 05:00:00+00,15.43,18.7,5,-1,1,-1,-1,-1,26796,22661,4135,2021/08/26,15.43,18.7,5,2022/04/27,2022/04/27
484,484,2021/08/27 05:00:00+00,16.32,18.4,5,-1,1,-1,-1,-1,26952,22553,4399,2021/08/27,16.32,18.4,5,2022/04/27,2022/04/27
485,485,2021/08/28 05:00:00+00,18.3,18.1,5,-1,1,-1,-1,-1,15760,12876,2884,2021/08/28,18.3,18.1,5,2022/04/27,2022/04/27
486,486,2021/08/29 05:00:00+00,18.69,17.9,5,-1,1,-1,-1,-1,9452,7685,1767,2021/08/29,18.69,17.9,5,2022/04/27,2022/04/27
487,487,2021/08/30 05:00:00+00,14.76,17.5,5,-1,1,-1,-1,-1,26873,22906,3967,2021/08/30,14.76,17.5,5,2022/04/27,2022/04/27
488,488,2021/08/31 05:00:00+00,14.43,17.1,5,-1,1,-1,-1,-1,28123,24065,4058,2021/08/31,14.43,17.1,5,2022/04/27,2022/04/27
489,489,2021/09/01 05:00:00+00,14.22,16.8,5,-1,1,-1,-1,-1,27580,23659,3921,2021/09/01,14.22,16.8,5,2022/04/27,2022/04/27
490,490,2021/09/02 05:00:00+00,13.43,16.4,5,-1,1,-1,-1,-1,27636,23924,3712,2021/09/02,13.43,16.4,5,2022/04/27,2022/04/27
491,491,2021/09/03 05:00:00+00,14.33,16.1,5,-1,1,-1,-1,-1,26596,22785,3811,2021/09/03,14.33,16.1,5,2022/04/27,2022/04/27
492,492,2021/09/04 05:00:00+00,16.7,15.9,5,-1,1,-1,-1,-1,17120,14261,2859,2021/09/04,16.7,15.9,5,2022/04/27,2022/04/27
493,493,2021/09/05 05:00:00+00,18.7,15.7,5,-1,1,-1,-1,-1,10762,8749,2013,2021/09/05,18.7,15.7,5,2022/04/27,2022/04/27
494,494,2021/09/06 05:00:00+00,11.68,15.5,5,-1,1,-1,-1,-1,10182,8993,1189,2021/09/06,11.68,15.5,5,2022/04/27,2022/04/27
495,495,2021/09/07 05:00:00+00,14.64,15.3,5,-1,1,-1,-1,-1,33261,28392,4869,2021/09/07,14.64,15.3,5,2022/04/27,2022/04/27
496,496,2021/09/08 05:00:00+00,13.34,15,5,-1,1,-1,-1,-1,30410,26354,4056,2021/09/08,13.34,15,5,2022/04/27,2022/04/27
497,497,2021/09/09 05:00:00+00,12.66,14.7,5,-1,1,-1,-1,-1,29953,26162,3791,2021/09/09,12.66,14.7,5,2022/04/27,2022/04/27
498,498,2021/09/10 05:00:00+00,13.5,14.5,5,-1,1,-1,-1,-1,27718,23976,3742,2021/09/10,13.5,14.5,5,2022/04/27,2022/04/27
499,499,2021/09/11 05:00:00+00,15.56,14.4,5,-1,1,-1,-1,-1,15443,13040,2403,2021/09/11,15.56,14.4,5,2022/04/27,2022/04/27
500,500,2021/09/12 05:00:00+00,17.33,14.3,5,-1,1,-1,-1,-1,10705,8850,1855,2021/09/12,17.33,14.3,5,2022/04/27,2022/04/27
501,501,2021/09/13 05:00:00+00,12.39,14.2,5,-1,1,-1,-1,-1,20015,17535,2480,2021/09/13,12.39,14.2,5,2022/04/27,2022/04/27
502,502,2021/09/14 05:00:00+00,13.87,14.2,5,-1,1,-1,-1,-1,11125,9582,1543,2021/09/14,13.87,14.2,5,2022/04/27,2022/04/27
503,503,2021/09/15 05:00:00+00,14.02,14.1,5,-1,1,-1,-1,-1,25353,21799,3554,2021/09/15,14.02,14.1,5,2022/04/27,2022/04/27
504,504,2021/09/16 05:00:00+00,13.04,14.1,5,-1,1,-1,-1,-1,25371,22063,3308,2021/09/16,13.04,14.1,5,2022/04/27,2022/04/27
505,505,2021/09/17 05:00:00+00,12.21,13.9,5,-1,1,-1,-1,-1,22637,19874,2763,2021/09/17,12.21,13.9,5,2022/04/27,2022/04/27
506,506,2021/09/18 05:00:00+00,16.04,13.9,5,-1,1,-1,-1,-1,11926,10013,1913,2021/09/18,16.04,13.9,5,2022/04/27,2022/04/27
507,507,2021/09/19 05:00:00+00,17.48,13.8,5,-1,1,-1,-1,-1,8412,6942,1470,2021/09/19,17.48,13.8,5,2022/04/27,2022/04/27
508,508,2021/09/20 05:00:00+00,10.76,13.6,5,-1,1,-1,-1,-1,23583,21045,2538,2021/09/20,10.76,13.6,5,2022/04/27,2022/04/27
509,509,2021/09/21 05:00:00+00,10.7,13.3,5,-1,1,-1,-1,-1,21093,18837,2256,2021/09/21,10.7,13.3,5,2022/04/27,2022/04/27
510,510,2021/09/22 05:00:00+00,11.03,13.1,5,-1,1,-1,-1,-1,19396,17256,2140,2021/09/22,11.03,13.1,5,2022/04/27,2022/04/27
511,511,2021/09/23 05:00:00+00,9.8,12.9,5,-1,-1,1,-1,-1,19859,17913,1946,2021/09/23,9.8,12.9,5,2022/04/27,2022/04/27
512,512,2021/09/24 05:00:00+00,10.98,12.7,5,-1,1,-1,-1,-1,17716,15771,1945,2021/09/24,10.98,12.7,5,2022/04/27,2022/04/27
513,513,2021/09/25 05:00:00+00,13.54,12.6,5,-1,1,-1,-1,-1,9598,8298,1300,2021/09/25,13.54,12.6,5,2022/04/27,2022/04/27
514,514,2021/09/26 05:00:00+00,14.64,12.4,5,-1,1,-1,-1,-1,7507,6408,1099,2021/09/26,14.64,12.4,5,2022/04/27,2022/04/27
515,515,2021/09/27 05:00:00+00,9.48,12.2,5,-1,-1,1,-1,-1,20424,18488,1936,2021/09/27,9.48,12.2,5,2022/04/27,2022/04/27
516,516,2021/09/28 05:00:00+00,8.52,11.8,5,-1,-1,1,-1,-1,17913,16386,1527,2021/09/28,8.52,11.8,5,2022/04/27,2022/04/27
517,517,2021/09/29 05:00:00+00,8.14,11.3,5,-1,-1,1,-1,-1,17982,16518,1464,2021/09/29,8.14,11.3,5,2022/04/27,2022/04/27
518,518,2021/09/30 05:00:00+00,7.72,10.9,5,-1,-1,-1,1,-1,17834,16457,1377,2021/09/30,7.72,10.9,5,2022/04/27,2022/04/27
519,519,2021/10/01 05:00:00+00,8.23,10.6,5,-1,-1,1,-1,-1,15355,14091,1264,2021/10/01,8.23,10.6,5,2022/04/27,2022/04/27
520,520,2021/10/02 05:00:00+00,11.41,10.3,5,-1,1,-1,-1,-1,8482,7514,968,2021/10/02,11.41,10.3,5,2022/04/27,2022/04/27
521,521,2021/10/03 05:00:00+00,12.95,10.1,5,-1,1,-1,-1,-1,6517,5673,844,2021/10/03,12.95,10.1,5,2022/04/27,2022/04/27
522,522,2021/10/04 05:00:00+00,7.91,9.9,5,-1,-1,-1,1,-1,17613,16219,1394,2021/10/04,7.91,9.9,5,2022/04/27,2022/04/27
523,523,2021/10/05 05:00:00+00,7.6,9.6,5,-1,-1,-1,1,-1,16884,15601,1283,2021/10/05,7.6,9.6,5,2022/04/27,2022/04/27
524,524,2021/10/06 05:00:00+00,7.36,9.3,5,-1,-1,-1,1,-1,16081,14897,1184,2021/10/06,7.36,9.3,5,2022/04/27,2022/04/27
525,525,2021/10/07 05:00:00+00,6.66,9,5,-1,-1,-1,1,-1,16820,15700,1120,2021/10/07,6.66,9,5,2022/04/27,2022/04/27
526,526,2021/10/08 05:00:00+00,7.1,8.7,5,-1,-1,-1,1,-1,15225,14144,1081,2021/10/08,7.1,8.7,5,2022/04/27,2022/04/27
527,527,2021/10/09 05:00:00+00,11.13,8.6,5,-1,1,-1,-1,-1,7754,6891,863,2021/10/09,11.13,8.6,5,2022/04/27,2022/04/27
528,528,2021/10/10 05:00:00+00,10.51,8.4,5,-1,1,-1,-1,-1,6242,5586,656,2021/10/10,10.51,8.4,5,2022/04/27,2022/04/27
529,529,2021/10/11 05:00:00+00,7.25,8.2,5,-1,-1,-1,1,-1,15966,14808,1158,2021/10/11,7.25,8.2,5,2022/04/27,2022/04/27
530,530,2021/10/12 05:00:00+00,6.27,8,5,-1,-1,-1,1,-1,15943,14943,1000,2021/10/12,6.27,8,5,2022/04/27,2022/04/27
531,531,2021/10/13 05:00:00+00,6.05,7.9,5,-1,-1,-1,1,-1,15891,14929,962,2021/10/13,6.05,7.9,5,2022/04/27,2022/04/27
532,532,2021/10/14 05:00:00+00,6.5,7.8,5,-1,-1,-1,1,-1,15145,14160,985,2021/10/14,6.5,7.8,5,2022/04/27,2022/04/27
533,533,2021/10/15 05:00:00+00,6.43,7.6,5,-1,-1,-1,1,-1,14240,13325,915,2021/10/15,6.43,7.6,5,2022/04/27,2022/04/27
534,534,2021/10/16 05:00:00+00,8.37,7.5,5,-1,-1,1,-1,-1,7287,6677,610,2021/10/16,8.37,7.5,5,2022/04/27,2022/04/27
535,535,2021/10/17 05:00:00+00,9.53,7.4,5,-1,-1,1,-1,-1,5455,4935,520,2021/10/17,9.53,7.4,5,2022/04/27,2022/04/27
536,536,2021/10/18 05:00:00+00,5.79,7.2,5,-1,-1,-1,1,-1,15759,14847,912,2021/10/18,5.79,7.2,5,2022/04/27,2022/04/27
537,537,2021/10/19 05:00:00+00,5.46,7,5,-1,-1,-1,1,-1,15541,14693,848,2021/10/19,5.46,7,5,2022/04/27,2022/04/27
538,538,2021/10/20 05:00:00+00,5.23,6.8,5,-1,-1,-1,1,-1,15145,14353,792,2021/10/20,5.23,6.8,5,2022/04/27,2022/04/27
539,539,2021/10/21 05:00:00+00,5.54,6.7,5,-1,-1,-1,1,-1,13851,13084,767,2021/10/21,5.54,6.7,5,2022/04/27,2022/04/27
540,540,2021/10/22 05:00:00+00,5.41,6.6,5,-1,-1,-1,1,-1,13624,12887,737,2021/10/22,5.41,6.6,5,2022/04/27,2022/04/27
541,541,2021/10/23 05:00:00+00,7.71,6.4,5,-1,-1,-1,1,-1,6844,6316,528,2021/10/23,7.71,6.4,5,2022/04/27,2022/04/27
542,542,2021/10/24 05:00:00+00,7.76,6.3,5,-1,-1,-1,1,-1,5385,4967,418,2021/10/24,7.76,6.3,5,2022/04/27,2022/04/27
543,543,2021/10/25 05:00:00+00,5.44,6.2,5,-1,-1,-1,1,-1,14171,13400,771,2021/10/25,5.44,6.2,5,2022/04/27,2022/04/27
544,544,2021/10/26 05:00:00+00,4.3,6,5,-1,-1,-1,-1,1,14834,14196,638,2021/10/26,4.3,6,5,2022/04/27,2022/04/27
545,545,2021/10/27 05:00:00+00,5.09,5.9,5,-1,-1,-1,1,-1,12068,11454,614,2021/10/27,5.09,5.9,5,2022/04/27,2022/04/27
546,546,2021/10/28 05:00:00+00,4.84,5.8,5,-1,-1,-1,-1,1,13685,13022,663,2021/10/28,4.84,5.8,5,2022/04/27,2022/04/27
547,547,2021/10/29 05:00:00+00,5.23,5.7,5,-1,-1,-1,1,-1,11798,11181,617,2021/10/29,5.23,5.7,5,2022/04/27,2022/04/27
548,548,2021/10/30 05:00:00+00,6.78,5.6,5,-1,-1,-1,1,-1,6441,6004,437,2021/10/30,6.78,5.6,5,2022/04/27,2022/04/27
549,549,2021/10/31 05:00:00+00,6.25,5.5,5,-1,-1,-1,1,-1,4960,4650,310,2021/10/31,6.25,5.5,5,2022/04/27,2022/04/27
550,550,2021/11/01 05:00:00+00,4.26,5.4,5,-1,-1,-1,-1,1,14597,13975,622,2021/11/01,4.26,5.4,5,2022/04/27,2022/04/27
551,551,2021/11/02 05:00:00+00,4.11,5.3,5,-1,-1,-1,-1,1,14622,14021,601,2021/11/02,4.11,5.3,5,2022/04/27,2022/04/27
552,552,2021/11/03 05:00:00+00,3.87,5.1,5,-1,-1,-1,-1,1,13787,13253,534,2021/11/03,3.87,5.1,5,2022/04/27,2022/04/27
553,553,2021/11/04 05:00:00+00,4.16,5,5,-1,-1,-1,-1,1,13574,13009,565,2021/11/04,4.16,5,5,2022/04/27,2022/04/27
554,554,2021/11/05 05:00:00+00,4.28,4.9,5,-1,-1,-1,-1,1,13122,12561,561,2021/11/05,4.28,4.9,5,2022/04/27,2022/04/27
555,555,2021/11/06 05:00:00+00,7.44,4.9,5,-1,-1,-1,1,-1,6831,6323,508,2021/11/06,7.44,4.9,5,2022/04/27,2022/04/27
556,556,2021/11/07 05:00:00+00,7.17,4.9,5,-1,-1,-1,1,-1,5608,5206,402,2021/11/07,7.17,4.9,5,2022/04/27,2022/04/27
557,557,2021/11/08 05:00:00+00,4.26,4.8,5,-1,-1,-1,-1,1,14283,13674,609,2021/11/08,4.26,4.8,5,2022/04/27,2022/04/27
558,558,2021/11/09 05:00:00+00,4.22,4.8,5,-1,-1,-1,-1,1,14841,14214,627,2021/11/09,4.22,4.8,5,2022/04/27,2022/04/27
559,559,2021/11/10 05:00:00+00,4.23,4.7,5,-1,-1,-1,-1,1,14298,13693,605,2021/11/10,4.23,4.7,5,2022/04/27,2022/04/27
560,560,2021/11/11 05:00:00+00,4.9,4.7,5,-1,-1,-1,-1,1,12811,12183,628,2021/11/11,4.9,4.7,5,2022/04/27,2022/04/27
561,561,2021/11/12 05:00:00+00,4.06,4.6,5,-1,-1,-1,-1,1,13134,12601,533,2021/11/12,4.06,4.6,5,2022/04/27,2022/04/27
562,562,2021/11/13 05:00:00+00,5.66,4.6,5,-1,-1,-1,1,-1,7892,7445,447,2021/11/13,5.66,4.6,5,2022/04/27,2022/04/27
563,563,2021/11/14 05:00:00+00,6.63,4.6,5,-1,-1,-1,1,-1,5714,5335,379,2021/11/14,6.63,4.6,5,2022/04/27,2022/04/27
564,564,2021/11/15 05:00:00+00,4.35,4.6,5,-1,-1,-1,-1,1,13993,13384,609,2021/11/15,4.35,4.6,5,2022/04/27,2022/04/27
565,565,2021/11/16 05:00:00+00,3.75,4.6,5,-1,-1,-1,-1,1,14742,14189,553,2021/11/16,3.75,4.6,5,2022/04/27,2022/04/27
566,566,2021/11/17 05:00:00+00,3.51,4.6,5,-1,-1,-1,-1,1,15620,15071,549,2021/11/17,3.51,4.6,5,2022/04/27,2022/04/27
567,567,2021/11/18 05:00:00+00,4.12,4.5,5,-1,-1,-1,-1,1,15260,14631,629,2021/11/18,4.12,4.5,5,2022/04/27,2022/04/27
568,568,2021/11/19 05:00:00+00,4.25,4.5,5,-1,-1,-1,-1,1,12762,12220,542,2021/11/19,4.25,4.5,5,2022/04/27,2022/04/27
569,569,2021/11/20 05:00:00+00,4.81,4.4,5,-1,-1,-1,-1,1,8524,8114,410,2021/11/20,4.81,4.4,5,2022/04/27,2022/04/27
570,570,2021/11/21 05:00:00+00,5.86,4.4,5,-1,-1,-1,1,-1,5953,5604,349,2021/11/21,5.86,4.4,5,2022/04/27,2022/04/27
571,571,2021/11/22 05:00:00+00,3.97,4.4,5,-1,-1,-1,-1,1,13694,13150,544,2021/11/22,3.97,4.4,5,2022/04/27,2022/04/27
572,572,2021/11/23 05:00:00+00,3.95,4.4,5,-1,-1,-1,-1,1,13373,12845,528,2021/11/23,3.95,4.4,5,2022/04/27,2022/04/27
573,573,2021/11/24 05:00:00+00,4.72,4.4,5,-1,-1,-1,-1,1,12085,11514,571,2021/11/24,4.72,4.4,5,2022/04/27,2022/04/27
574,574,2021/11/25 05:00:00+00,4.95,4.4,5,-1,-1,-1,-1,1,2042,1941,101,2021/11/25,4.95,4.4,5,2022/04/27,2022/04/27
575,575,2021/11/26 05:00:00+00,5.59,4.5,5,-1,-1,-1,1,-1,8833,8339,494,2021/11/26,5.59,4.5,5,2022/04/27,2022/04/27
576,576,2021/11/27 05:00:00+00,6.03,4.5,5,-1,-1,-1,1,-1,6967,6547,420,2021/11/27,6.03,4.5,5,2022/04/27,2022/04/27
577,577,2021/11/28 05:00:00+00,5.98,4.4,5,-1,-1,-1,1,-1,6573,6180,393,2021/11/28,5.98,4.4,5,2022/04/27,2022/04/27
578,578,2021/11/29 05:00:00+00,4.16,4.4,5,-1,-1,-1,-1,1,16307,15629,678,2021/11/29,4.16,4.4,5,2022/04/27,2022/04/27
579,579,2021/11/30 05:00:00+00,4.06,4.5,5,-1,-1,-1,-1,1,16037,15386,651,2021/11/30,4.06,4.5,5,2022/04/27,2022/04/27
580,580,2021/12/01 05:00:00+00,4.16,4.5,5,-1,-1,-1,-1,1,14277,13683,594,2021/12/01,4.16,4.5,5,2022/04/27,2022/04/27
581,581,2021/12/02 05:00:00+00,4.41,4.6,5,-1,-1,-1,-1,1,14117,13494,623,2021/12/02,4.41,4.6,5,2022/04/27,2022/04/27
582,582,2021/12/03 05:00:00+00,4.35,4.6,5,-1,-1,-1,-1,1,13452,12867,585,2021/12/03,4.35,4.6,5,2022/04/27,2022/04/27
583,583,2021/12/04 05:00:00+00,6.33,4.6,5,-1,-1,-1,1,-1,7997,7491,506,2021/12/04,6.33,4.6,5,2022/04/27,2022/04/27
584,584,2021/12/05 05:00:00+00,6.29,4.7,5,-1,-1,-1,1,-1,6817,6388,429,2021/12/05,6.29,4.7,5,2022/04/27,2022/04/27
585,585,2021/12/06 05:00:00+00,5.11,4.8,5,-1,-1,-1,1,-1,14629,13881,748,2021/12/06,5.11,4.8,5,2022/04/27,2022/04/27
586,586,2021/12/07 05:00:00+00,5.45,4.9,5,-1,-1,-1,1,-1,15473,14630,843,2021/12/07,5.45,4.9,5,2022/04/27,2022/04/27
587,587,2021/12/08 05:00:00+00,5.74,5,5,-1,-1,-1,1,-1,16296,15361,935,2021/12/08,5.74,5,5,2022/04/27,2022/04/27
588,588,2021/12/09 05:00:00+00,6.38,5.1,5,-1,-1,-1,1,-1,15756,14751,1005,2021/12/09,6.38,5.1,5,2022/04/27,2022/04/27
589,589,2021/12/10 05:00:00+00,7.61,5.3,5,-1,-1,-1,1,-1,16539,15281,1258,2021/12/10,7.61,5.3,5,2022/04/27,2022/04/27
590,590,2021/12/11 05:00:00+00,10.29,5.6,5,-1,1,-1,-1,-1,9998,8969,1029,2021/12/11,10.29,5.6,5,2022/04/27,2022/04/27
591,591,2021/12/12 05:00:00+00,11.85,5.8,5,-1,1,-1,-1,-1,7820,6893,927,2021/12/12,11.85,5.8,5,2022/04/27,2022/04/27
592,592,2021/12/13 05:00:00+00,10.6,6.4,5,-1,1,-1,-1,-1,18446,16490,1956,2021/12/13,10.6,6.4,5,2022/04/27,2022/04/27
593,593,2021/12/14 05:00:00+00,12.82,7.3,5,-1,1,-1,-1,-1,20489,17862,2627,2021/12/14,12.82,7.3,5,2022/04/27,2022/04/27
594,594,2021/12/15 05:00:00+00,17.82,8.8,5,-1,1,-1,-1,-1,23588,19385,4203,2021/12/15,17.82,8.8,5,2022/04/27,2022/04/27
595,595,2021/12/16 05:00:00+00,19.76,10.4,5,-1,1,-1,-1,-1,26081,20928,5153,2021/12/16,19.76,10.4,5,2022/04/27,2022/04/27
596,596,2021/12/17 05:00:00+00,19.53,11.9,5,-1,1,-1,-1,-1,29769,23956,5813,2021/12/17,19.53,11.9,5,2022/04/27,2022/04/27
597,597,2021/12/18 05:00:00+00,21.24,12.9,5,-1,1,-1,-1,-1,19484,15346,4138,2021/12/18,21.24,12.9,5,2022/04/27,2022/04/27
598,598,2021/12/19 05:00:00+00,25.88,14,5,-1,1,-1,-1,-1,17912,13277,4635,2021/12/19,25.88,14,5,2022/04/27,2022/04/27
599,599,2021/12/20 05:00:00+00,25.54,16,5,-1,1,-1,-1,-1,36372,27083,9289,2021/12/20,25.54,16,5,2022/04/27,2022/04/27
600,600,2021/12/21 05:00:00+00,26.4,18.1,5,-1,1,-1,-1,-1,44714,32909,11805,2021/12/21,26.4,18.1,5,2022/04/27,2022/04/27
601,601,2021/12/22 05:00:00+00,28.63,20.2,5,-1,1,-1,-1,-1,50107,35762,14345,2021/12/22,28.63,20.2,5,2022/04/27,2022/04/27
602,602,2021/12/23 05:00:00+00,29.54,22.1,5,-1,1,-1,-1,-1,49680,35005,14675,2021/12/23,29.54,22.1,5,2022/04/27,2022/04/27
603,603,2021/12/24 05:00:00+00,29.52,23.1,5,-1,1,-1,-1,-1,21180,14928,6252,2021/12/24,29.52,23.1,5,2022/04/27,2022/04/27
604,604,2021/12/25 05:00:00+00,35.54,23.6,5,-1,1,-1,-1,-1,5310,3423,1887,2021/12/25,35.54,23.6,5,2022/04/27,2022/04/27
605,605,2021/12/26 05:00:00+00,38.84,24.9,5,-1,1,-1,-1,-1,24948,15258,9690,2021/12/26,38.84,24.9,5,2022/04/27,2022/04/27
606,606,2021/12/27 05:00:00+00,37.25,27,5,-1,1,-1,-1,-1,49608,31127,18481,2021/12/27,37.25,27,5,2022/04/27,2022/04/27
607,607,2021/12/28 05:00:00+00,41.97,29.3,5,-1,1,-1,-1,-1,50877,29524,21353,2021/12/28,41.97,29.3,5,2022/04/27,2022/04/27
608,608,2021/12/29 05:00:00+00,39.66,31,5,-1,1,-1,-1,-1,52038,31401,20637,2021/12/29,39.66,31,5,2022/04/27,2022/04/27
609,609,2021/12/30 05:00:00+00,38.84,32.4,5,-1,1,-1,-1,-1,51135,31274,19861,2021/12/30,38.84,32.4,5,2022/04/27,2022/04/27
610,610,2021/12/31 05:00:00+00,38.06,33.4,5,-1,1,-1,-1,-1,25599,15855,9744,2021/12/31,38.06,33.4,5,2022/04/27,2022/04/27
611,611,2022/01/01 05:00:00+00,37.11,34,5,-1,1,-1,-1,-1,7448,4684,2764,2022/01/01,37.11,34,5,2022/04/27,2022/04/27
612,612,2022/01/02 05:00:00+00,41.94,34.7,5,-1,1,-1,-1,-1,25347,14717,10630,2022/01/02,41.94,34.7,5,2022/04/27,2022/04/27
613,613,2022/01/03 05:00:00+00,37.3,35.6,5,-1,1,-1,-1,-1,48513,30417,18096,2022/01/03,37.3,35.6,5,2022/04/27,2022/04/27
614,614,2022/01/04 05:00:00+00,34.35,36.2,5,-1,1,-1,-1,-1,56756,37261,19495,2022/01/04,34.35,36.2,5,2022/04/27,2022/04/27
615,615,2022/01/05 05:00:00+00,34.22,36.8,5,-1,1,-1,-1,-1,54604,35919,18685,2022/01/05,34.22,36.8,5,2022/04/27,2022/04/27
616,616,2022/01/06 05:00:00+00,32.21,37,5,-1,1,-1,-1,-1,46209,31327,14882,2022/01/06,32.21,37,5,2022/04/27,2022/04/27
617,617,2022/01/07 05:00:00+00,29.74,36.7,5,-1,1,-1,-1,-1,47020,33036,13984,2022/01/07,29.74,36.7,5,2022/04/27,2022/04/27
618,618,2022/01/08 05:00:00+00,33.36,36.6,5,-1,1,-1,-1,-1,23942,15954,7988,2022/01/08,33.36,36.6,5,2022/04/27,2022/04/27
619,619,2022/01/09 05:00:00+00,30.03,36.2,5,-1,1,-1,-1,-1,24360,17044,7316,2022/01/09,30.03,36.2,5,2022/04/27,2022/04/27
620,620,2022/01/10 05:00:00+00,29.86,35.6,5,-1,1,-1,-1,-1,43001,30159,12842,2022/01/10,29.86,35.6,5,2022/04/27,2022/04/27
621,621,2022/01/11 05:00:00+00,29.21,34.5,5,-1,1,-1,-1,-1,47281,33468,13813,2022/01/11,29.21,34.5,5,2022/04/27,2022/04/27
622,622,2022/01/12 05:00:00+00,27.41,33.4,5,-1,1,-1,-1,-1,44471,32283,12188,2022/01/12,27.41,33.4,5,2022/04/27,2022/04/27
623,623,2022/01/13 05:00:00+00,27.05,32.4,5,-1,1,-1,-1,-1,43016,31381,11635,2022/01/13,27.05,32.4,5,2022/04/27,2022/04/27
624,624,2022/01/14 05:00:00+00,26.3,31.7,5,-1,1,-1,-1,-1,38012,28013,9999,2022/01/14,26.3,31.7,5,2022/04/27,2022/04/27
625,625,2022/01/15 05:00:00+00,28.33,31.5,5,-1,1,-1,-1,-1,21878,15679,6199,2022/01/15,28.33,31.5,5,2022/04/27,2022/04/27
626,626,2022/01/16 05:00:00+00,27.05,30.9,5,-1,1,-1,-1,-1,18851,13752,5099,2022/01/16,27.05,30.9,5,2022/04/27,2022/04/27
627,627,2022/01/17 05:00:00+00,27.09,30.1,5,-1,1,-1,-1,-1,32470,23674,8796,2022/01/17,27.09,30.1,5,2022/04/27,2022/04/27
628,628,2022/01/18 05:00:00+00,24.72,29.2,5,-1,1,-1,-1,-1,39911,30045,9866,2022/01/18,24.72,29.2,5,2022/04/27,2022/04/27
629,629,2022/01/19 05:00:00+00,24.73,28.3,5,-1,1,-1,-1,-1,34512,25978,8534,2022/01/19,24.73,28.3,5,2022/04/27,2022/04/27
630,630,2022/01/20 05:00:00+00,22.01,27.6,5,-1,1,-1,-1,-1,33032,25763,7269,2022/01/20,22.01,27.6,5,2022/04/27,2022/04/27
631,631,2022/01/21 05:00:00+00,22.97,27.1,5,-1,1,-1,-1,-1,28928,22282,6646,2022/01/21,22.97,27.1,5,2022/04/27,2022/04/27
632,632,2022/01/22 05:00:00+00,25.75,26.7,5,-1,1,-1,-1,-1,18061,13411,4650,2022/01/22,25.75,26.7,5,2022/04/27,2022/04/27
633,633,2022/01/23 05:00:00+00,25.4,26.5,5,-1,1,-1,-1,-1,13817,10307,3510,2022/01/23,25.4,26.5,5,2022/04/27,2022/04/27
634,634,2022/01/24 05:00:00+00,22.44,25.9,5,-1,1,-1,-1,-1,28304,21952,6352,2022/01/24,22.44,25.9,5,2022/04/27,2022/04/27
635,635,2022/01/25 05:00:00+00,20.71,25.2,5,-1,1,-1,-1,-1,28483,22584,5899,2022/01/25,20.71,25.2,5,2022/04/27,2022/04/27
636,636,2022/01/26 05:00:00+00,20.32,24.6,5,-1,1,-1,-1,-1,28709,22875,5834,2022/01/26,20.32,24.6,5,2022/04/27,2022/04/27
637,637,2022/01/27 05:00:00+00,17.94,23.9,5,-1,1,-1,-1,-1,23078,18937,4141,2022/01/27,17.94,23.9,5,2022/04/27,2022/04/27
638,638,2022/01/28 05:00:00+00,18.33,23.3,5,-1,1,-1,-1,-1,25036,20446,4590,2022/01/28,18.33,23.3,5,2022/04/27,2022/04/27
639,639,2022/01/29 05:00:00+00,21.06,22.9,5,-1,1,-1,-1,-1,14660,11573,3087,2022/01/29,21.06,22.9,5,2022/04/27,2022/04/27
640,640,2022/01/30 05:00:00+00,26.74,22.8,5,-1,1,-1,-1,-1,9771,7158,2613,2022/01/30,26.74,22.8,5,2022/04/27,2022/04/27
641,641,2022/01/31 05:00:00+00,16.96,22,5,-1,1,-1,-1,-1,24675,20490,4185,2022/01/31,16.96,22,5,2022/04/27,2022/04/27
642,642,2022/02/01 05:00:00+00,15.51,21.2,5,-1,1,-1,-1,-1,23983,20264,3719,2022/02/01,15.51,21.2,5,2022/04/27,2022/04/27
643,643,2022/02/02 05:00:00+00,14.59,20.3,5,-1,1,-1,-1,-1,23971,20474,3497,2022/02/02,14.59,20.3,5,2022/04/27,2022/04/27
644,644,2022/02/03 05:00:00+00,12.33,19.6,5,-1,1,-1,-1,-1,20841,18271,2570,2022/02/03,12.33,19.6,5,2022/04/27,2022/04/27
645,645,2022/02/04 05:00:00+00,13.49,19,5,-1,1,-1,-1,-1,14273,12347,1926,2022/02/04,13.49,19,5,2022/04/27,2022/04/27
646,646,2022/02/05 05:00:00+00,18.89,18.6,5,-1,1,-1,-1,-1,10659,8645,2014,2022/02/05,18.89,18.6,5,2022/04/27,2022/04/27
647,647,2022/02/06 05:00:00+00,18,18.2,5,-1,1,-1,-1,-1,9774,8015,1759,2022/02/06,18,18.2,5,2022/04/27,2022/04/27
648,648,2022/02/07 05:00:00+00,10.97,17.2,5,-1,1,-1,-1,-1,23831,21217,2614,2022/02/07,10.97,17.2,5,2022/04/27,2022/04/27
649,649,2022/02/08 05:00:00+00,9.67,16.3,5,-1,-1,1,-1,-1,21044,19008,2036,2022/02/08,9.67,16.3,5,2022/04/27,2022/04/27
650,650,2022/02/09 05:00:00+00,9.06,15.2,5,-1,-1,1,-1,-1,21650,19689,1961,2022/02/09,9.06,15.2,5,2022/04/27,2022/04/27
651,651,2022/02/10 05:00:00+00,8.11,14.4,5,-1,-1,1,-1,-1,21724,19963,1761,2022/02/10,8.11,14.4,5,2022/04/27,2022/04/27
652,652,2022/02/11 05:00:00+00,8.61,13.6,5,-1,-1,1,-1,-1,19462,17786,1676,2022/02/11,8.61,13.6,5,2022/04/27,2022/04/27
653,653,2022/02/12 05:00:00+00,10.41,13,5,-1,1,-1,-1,-1,10581,9480,1101,2022/02/12,10.41,13,5,2022/04/27,2022/04/27
654,654,2022/02/13 05:00:00+00,11.76,12.5,5,-1,1,-1,-1,-1,6751,5957,794,2022/02/13,11.76,12.5,5,2022/04/27,2022/04/27
655,655,2022/02/14 05:00:00+00,7.02,11.7,5,-1,-1,-1,1,-1,17164,15959,1205,2022/02/14,7.02,11.7,5,2022/04/27,2022/04/27
656,656,2022/02/15 05:00:00+00,6.46,10.9,5,-1,-1,-1,1,-1,18076,16909,1167,2022/02/15,6.46,10.9,5,2022/04/27,2022/04/27
657,657,2022/02/16 05:00:00+00,5.27,10,5,-1,-1,-1,1,-1,18753,17765,988,2022/02/16,5.27,10,5,2022/04/27,2022/04/27
658,658,2022/02/17 05:00:00+00,5.06,9.4,5,-1,-1,-1,1,-1,18332,17404,928,2022/02/17,5.06,9.4,5,2022/04/27,2022/04/27
659,659,2022/02/18 05:00:00+00,4.84,8.9,5,-1,-1,-1,-1,1,17331,16493,838,2022/02/18,4.84,8.9,5,2022/04/27,2022/04/27
660,660,2022/02/19 05:00:00+00,5.39,8.3,5,-1,-1,-1,1,-1,10096,9552,544,2022/02/19,5.39,8.3,5,2022/04/27,2022/04/27
661,661,2022/02/20 05:00:00+00,6.69,7.8,5,-1,-1,-1,1,-1,7006,6537,469,2022/02/20,6.69,7.8,5,2022/04/27,2022/04/27
662,662,2022/02/21 05:00:00+00,4.9,7.3,5,-1,-1,-1,-1,1,14975,14241,734,2022/02/21,4.9,7.3,5,2022/04/27,2022/04/27
663,663,2022/02/22 05:00:00+00,3.58,6.7,5,-1,-1,-1,-1,1,20537,19802,735,2022/02/22,3.58,6.7,5,2022/04/27,2022/04/27
664,664,2022/02/23 05:00:00+00,3.92,6.2,5,-1,-1,-1,-1,1,17197,16523,674,2022/02/23,3.92,6.2,5,2022/04/27,2022/04/27
665,665,2022/02/24 05:00:00+00,3.59,5.9,5,-1,-1,-1,-1,1,16034,15459,575,2022/02/24,3.59,5.9,5,2022/04/27,2022/04/27
666,666,2022/02/25 05:00:00+00,3.71,5.4,5,-1,-1,-1,-1,1,15526,14950,576,2022/02/25,3.71,5.4,5,2022/04/27,2022/04/27
667,667,2022/02/26 05:00:00+00,4.98,5.2,5,-1,-1,-1,-1,1,7937,7542,395,2022/02/26,4.98,5.2,5,2022/04/27,2022/04/27
668,668,2022/02/27 05:00:00+00,4.88,4.9,5,-1,-1,-1,-1,1,5450,5184,266,2022/02/27,4.88,4.9,5,2022/04/27,2022/04/27
669,669,2022/02/28 05:00:00+00,3.11,4.6,5,-1,-1,-1,-1,1,17662,17112,550,2022/02/28,3.11,4.6,5,2022/04/27,2022/04/27
670,670,2022/03/01 05:00:00+00,3.06,4.3,5,-1,-1,-1,-1,1,16288,15789,499,2022/03/01,3.06,4.3,5,2022/04/27,2022/04/27
671,671,2022/03/02 05:00:00+00,2.81,4.1,5,-1,-1,-1,-1,1,17171,16688,483,2022/03/02,2.81,4.1,5,2022/04/27,2022/04/27
672,672,2022/03/03 05:00:00+00,2.67,3.9,5,-1,-1,-1,-1,1,16891,16440,451,2022/03/03,2.67,3.9,5,2022/04/27,2022/04/27
673,673,2022/03/04 05:00:00+00,2.15,3.6,5,-1,-1,-1,-1,1,18943,18536,407,2022/03/04,2.15,3.6,5,2022/04/27,2022/04/27
674,674,2022/03/05 05:00:00+00,3.47,3.6,5,-1,-1,-1,-1,1,10485,10121,364,2022/03/05,3.47,3.6,5,2022/04/27,2022/04/27
675,675,2022/03/06 05:00:00+00,3,3.4,5,-1,-1,-1,-1,1,7538,7312,226,2022/03/06,3,3.4,5,2022/04/27,2022/04/27
676,676,2022/03/07 05:00:00+00,2.18,3.2,5,-1,-1,-1,-1,1,17089,16716,373,2022/03/07,2.18,3.2,5,2022/04/27,2022/04/27
677,677,2022/03/08 05:00:00+00,1.98,3.1,5,-1,-1,-1,-1,1,16731,16400,331,2022/03/08,1.98,3.1,5,2022/04/27,2022/04/27
678,678,2022/03/09 05:00:00+00,1.22,2.8,5,-1,-1,-1,-1,1,18261,18038,223,2022/03/09,1.22,2.8,5,2022/04/27,2022/04/27
679,679,2022/03/10 05:00:00+00,1.48,2.7,5,-1,-1,-1,-1,1,18188,17919,269,2022/03/10,1.48,2.7,5,2022/04/27,2022/04/27
680,680,2022/03/11 05:00:00+00,1.72,2.5,5,-1,-1,-1,-1,1,16325,16044,281,2022/03/11,1.72,2.5,5,2022/04/27,2022/04/27
681,681,2022/03/12 05:00:00+00,2.14,2.4,5,-1,-1,-1,-1,1,10657,10429,228,2022/03/12,2.14,2.4,5,2022/04/27,2022/04/27
682,682,2022/03/13 05:00:00+00,2,2.3,5,-1,-1,-1,-1,1,6637,6504,133,2022/03/13,2,2.3,5,2022/04/27,2022/04/27
683,683,2022/03/14 05:00:00+00,1.92,2.2,5,-1,-1,-1,-1,1,13981,13712,269,2022/03/14,1.92,2.2,5,2022/04/27,2022/04/27
684,684,2022/03/15 05:00:00+00,2.2,2.1,5,-1,-1,-1,-1,1,14892,14565,327,2022/03/15,2.2,2.1,5,2022/04/27,2022/04/27
685,685,2022/03/16 05:00:00+00,1.73,2.1,5,-1,-1,-1,-1,1,16755,16465,290,2022/03/16,1.73,2.1,5,2022/04/27,2022/04/27
686,686,2022/03/17 05:00:00+00,1.89,2,5,-1,-1,-1,-1,1,13529,13273,256,2022/03/17,1.89,2,5,2022/04/27,2022/04/27
687,687,2022/03/18 05:00:00+00,1.46,1.9,5,-1,-1,-1,-1,1,16756,16511,245,2022/03/18,1.46,1.9,5,2022/04/27,2022/04/27
688,688,2022/03/19 05:00:00+00,1.33,1.8,5,-1,-1,-1,-1,1,7956,7850,106,2022/03/19,1.33,1.8,5,2022/04/27,2022/04/27
689,689,2022/03/20 05:00:00+00,1.57,1.8,5,-1,-1,-1,-1,1,7407,7291,116,2022/03/20,1.57,1.8,5,2022/04/27,2022/04/27
690,690,2022/03/21 05:00:00+00,2.05,1.8,5,-1,-1,-1,-1,1,14359,14064,295,2022/03/21,2.05,1.8,5,2022/04/27,2022/04/27
691,691,2022/03/22 05:00:00+00,2.49,1.8,5,-1,-1,-1,-1,1,8560,8347,213,2022/03/22,2.49,1.8,5,2022/04/27,2022/04/27
692,692,2022/03/23 05:00:00+00,2.37,1.9,5,-1,-1,-1,-1,1,8770,8562,208,2022/03/23,2.37,1.9,5,2022/04/27,2022/04/27
693,693,2022/03/24 05:00:00+00,2.99,1.9,5,-1,-1,-1,-1,1,8187,7942,245,2022/03/24,2.99,1.9,5,2022/04/27,2022/04/27
694,694,2022/03/25 05:00:00+00,2.38,2,5,-1,-1,-1,-1,1,8017,7826,191,2022/03/25,2.38,2,5,2022/04/27,2022/04/27
695,695,2022/03/26 05:00:00+00,4.61,2,5,-1,-1,-1,-1,1,3406,3249,157,2022/03/26,4.61,2,5,2022/04/27,2022/04/27
696,696,2022/03/27 05:00:00+00,5.12,2.1,5,-1,-1,-1,1,-1,2854,2708,146,2022/03/27,5.12,2.1,5,2022/04/27,2022/04/27
697,697,2022/03/28 05:00:00+00,3.08,2.2,5,-1,-1,-1,-1,1,7439,7210,229,2022/03/28,3.08,2.2,5,2022/04/27,2022/04/27
698,698,2022/03/29 05:00:00+00,3.16,2.2,5,-1,-1,-1,-1,1,6779,6565,214,2022/03/29,3.16,2.2,5,2022/04/27,2022/04/27
699,699,2022/03/30 05:00:00+00,3.09,2.3,5,-1,-1,-1,-1,1,7617,7382,235,2022/03/30,3.09,2.3,5,2022/04/27,2022/04/27
700,700,2022/03/31 05:00:00+00,3.03,2.4,5,-1,-1,-1,-1,1,7295,7074,221,2022/03/31,3.03,2.4,5,2022/04/27,2022/04/27
701,701,2022/04/01 05:00:00+00,2.47,2.6,5,-1,-1,-1,-1,1,7072,6897,175,2022/04/01,2.47,2.6,5,2022/04/27,2022/04/27
702,702,2022/04/02 05:00:00+00,4.57,2.8,5,-1,-1,-1,-1,1,3017,2879,138,2022/04/02,4.57,2.8,5,2022/04/27,2022/04/27
703,703,2022/04/03 05:00:00+00,5.28,2.9,5,-1,-1,-1,1,-1,2841,2691,150,2022/04/03,5.28,2.9,5,2022/04/27,2022/04/27
704,704,2022/04/04 05:00:00+00,3.35,3.1,5,-1,-1,-1,-1,1,7679,7422,257,2022/04/04,3.35,3.1,5,2022/04/27,2022/04/27
705,705,2022/04/05 05:00:00+00,3.47,3.2,5,-1,-1,-1,-1,1,6631,6401,230,2022/04/05,3.47,3.2,5,2022/04/27,2022/04/27
706,706,2022/04/06 05:00:00+00,3.01,3.3,5,-1,-1,-1,-1,1,6872,6665,207,2022/04/06,3.01,3.3,5,2022/04/27,2022/04/27
707,707,2022/04/07 05:00:00+00,3.58,3.3,5,-1,-1,-1,-1,1,6890,6643,247,2022/04/07,3.58,3.3,5,2022/04/27,2022/04/27
708,708,2022/04/08 05:00:00+00,3.99,3.5,5,-1,-1,-1,-1,1,6947,6670,277,2022/04/08,3.99,3.5,5,2022/04/27,2022/04/27
709,709,2022/04/09 05:00:00+00,5.04,3.5,5,-1,-1,-1,1,-1,3076,2921,155,2022/04/09,5.04,3.5,5,2022/04/27,2022/04/27
710,710,2022/04/10 05:00:00+00,6.01,3.5,5,-1,-1,-1,1,-1,2630,2472,158,2022/04/10,6.01,3.5,5,2022/04/27,2022/04/27
711,711,2022/04/11 05:00:00+00,3.09,3.5,5,-1,-1,-1,-1,1,7998,7751,247,2022/04/11,3.09,3.5,5,2022/04/27,2022/04/27
712,712,2022/04/12 05:00:00+00,4.06,3.6,5,-1,-1,-1,-1,1,6903,6623,280,2022/04/12,4.06,3.6,5,2022/04/27,2022/04/27
713,713,2022/04/13 05:00:00+00,3.82,3.6,5,-1,-1,-1,-1,1,6933,6668,265,2022/04/13,3.82,3.6,5,2022/04/27,2022/04/27
714,714,2022/04/14 05:00:00+00,3.99,3.7,5,-1,-1,-1,-1,1,6763,6493,270,2022/04/14,3.99,3.7,5,2022/04/27,2022/04/27
715,715,2022/04/15 05:00:00+00,4.68,3.9,5,-1,-1,-1,-1,1,4533,4321,212,2022/04/15,4.68,3.9,5,2022/04/27,2022/04/27
716,716,2022/04/16 05:00:00+00,6.39,3.9,5,-1,-1,-1,1,-1,2662,2492,170,2022/04/16,6.39,3.9,5,2022/04/27,2022/04/27
717,717,2022/04/17 05:00:00+00,6.64,3.9,5,-1,-1,-1,1,-1,1657,1547,110,2022/04/17,6.64,3.9,5,2022/04/27,2022/04/27
718,718,2022/04/18 05:00:00+00,3.95,4,5,-1,-1,-1,-1,1,7459,7164,295,2022/04/18,3.95,4,5,2022/04/27,2022/04/27
719,719,2022/04/19 05:00:00+00,3.71,4,5,-1,-1,-1,-1,1,6115,5888,227,2022/04/19,3.71,4,5,2022/04/27,2022/04/27
720,720,2022/04/20 05:00:00+00,3.33,4.1,5,-1,-1,-1,-1,1,5608,5421,187,2022/04/20,3.33,4.1,5,2022/04/27,2022/04/27
